time,open,high,low,close,volume
2024-01-01 16:00:00,2064.235,2066.255,2062.708,2065.358,0
2024-01-01 20:00:00,2064.968,2070.278,2064.305,2069.505,0
2024-01-02 00:00:00,2069.748,2076.275,2069.455,2073.235,0
2024-01-02 04:00:00,2073.805,2078.735,2065.465,2067.845,0
2024-01-02 08:00:00,2068.048,2070.565,2056.865,2066.005,0
2024-01-02 12:00:00,2066.315,2066.635,2058.115,2058.115,0
2024-01-02 16:00:00,2058.335,2062.015,2058.245,2060.105,0
2024-01-02 20:00:00,2060.665,2065.435,2059.825,2064.775,0
2024-01-03 00:00:00,2064.635,2065.835,2059.445,2059.908,0
2024-01-03 04:00:00,2060.125,2060.185,2041.845,2045.595,0
2024-01-03 08:00:00,2047.455,2047.565,2031.545,2032.345,0
2024-01-03 12:00:00,2031.575,2042.165,2030.645,2040.878,0
2024-01-03 16:00:00,2040.935,2043.635,2040.258,2042.065,0
2024-01-03 20:00:00,2041.565,2046.625,2040.295,2043.015,0
2024-01-04 00:00:00,2042.615,2049.295,2042.465,2046.715,0
2024-01-04 04:00:00,2046.505,2050.555,2043.715,2045.835,0
2024-01-04 08:00:00,2045.955,2046.945,2036.455,2044.675,0
2024-01-04 12:00:00,2044.175,2044.855,2040.895,2042.995,0
2024-01-04 16:00:00,2043.625,2044.585,2042.725,2044.265,0
2024-01-04 20:00:00,2044.635,2047.825,2044.548,2044.555,0
2024-01-05 00:00:00,2044.425,2046.495,2041.115,2042.385,0
2024-01-05 04:00:00,2042.135,2043.255,2037.398,2040.115,0
2024-01-05 08:00:00,2040.358,2063.595,2024.528,2044.948,0
2024-01-05 12:00:00,2044.395,2049.935,2040.505,2043.575,0
2024-01-05 16:00:00,2044.505,2045.905,2043.828,2045.355,0
2024-01-07 16:00:00,2044.498,2046.175,2042.985,2045.875,0
2024-01-07 20:00:00,2045.515,2046.465,2035.055,2035.715,0
2024-01-08 00:00:00,2035.655,2035.895,2027.415,2028.205,0
2024-01-08 04:00:00,2028.005,2031.295,2018.865,2024.585,0
2024-01-08 08:00:00,2024.725,2036.585,2018.405,2032.085,0
2024-01-08 12:00:00,2031.795,2032.335,2026.025,2027.048,0
2024-01-08 16:00:00,2027.398,2034.635,2027.398,2034.208,0
2024-01-08 20:00:00,2034.708,2035.698,2031.155,2032.795,0
2024-01-09 00:00:00,2032.645,2037.025,2030.555,2034.145,0
2024-01-09 04:00:00,2034.525,2038.315,2033.205,2036.255,0
2024-01-09 08:00:00,2035.265,2039.895,2026.265,2031.075,0
2024-01-09 12:00:00,2030.865,2031.725,2026.908,2028.315,0
2024-01-09 16:00:00,2028.735,2031.075,2028.585,2030.155,0
2024-01-09 20:00:00,2029.765,2032.505,2027.265,2029.725,0
2024-01-10 00:00:00,2029.835,2035.275,2023.905,2035.195,0
2024-01-10 04:00:00,2035.038,2038.975,2031.305,2031.415,0
2024-01-10 08:00:00,2030.915,2033.778,2024.845,2026.918,0
2024-01-10 12:00:00,2026.845,2027.535,2020.395,2023.495,0
2024-01-10 16:00:00,2023.445,2028.034,2023.295,2027.748,0
2024-01-10 20:00:00,2027.928,2032.145,2027.145,2031.995,0
2024-01-11 00:00:00,2031.955,2035.485,2030.718,2030.718,0
2024-01-11 04:00:00,2030.315,2034.905,2030.135,2032.315,0
2024-01-11 08:00:00,2032.685,2038.835,2014.465,2016.595,0
2024-01-11 12:00:00,2016.825,2028.295,2013.465,2027.395,0
2024-01-11 16:00:00,2027.465,2035.125,2027.465,2031.035,0
2024-01-11 20:00:00,2030.275,2035.565,2030.275,2034.578,0
2024-01-12 00:00:00,2034.265,2039.525,2033.675,2038.645,0
2024-01-12 04:00:00,2038.615,2052.205,2037.975,2047.665,0
2024-01-12 08:00:00,2045.645,2061.565,2045.275,2048.235,0
2024-01-12 12:00:00,2047.695,2047.695,2041.985,2043.815,0
2024-01-14 16:00:00,2047.035,2048.375,2045.735,2047.775,0
2024-01-14 20:00:00,2047.758,2057.865,2047.595,2054.235,0
2024-01-15 00:00:00,2054.095,2058.275,2052.905,2056.545,0
2024-01-15 04:00:00,2055.735,2056.905,2051.345,2052.655,0
2024-01-15 08:00:00,2052.855,2054.735,2049.655,2053.965,0
2024-01-15 12:00:00,2053.818,2056.098,2053.525,2054.505,0
2024-01-15 16:00:00,2055.098,2055.295,2050.885,2051.345,0
2024-01-15 20:00:00,2051.295,2052.905,2048.335,2049.325,0
2024-01-16 00:00:00,2049.185,2050.785,2042.415,2043.015,0
2024-01-16 04:00:00,2043.265,2043.265,2035.885,2038.365,0
2024-01-16 08:00:00,2038.575,2043.885,2031.658,2033.358,0
2024-01-16 12:00:00,2033.185,2033.185,2024.285,2028.128,0
2024-01-16 16:00:00,2028.058,2028.705,2025.605,2028.405,0
2024-01-16 20:00:00,2028.035,2032.798,2023.365,2025.355,0
2024-01-17 00:00:00,2025.285,2026.045,2017.725,2021.365,0
2024-01-17 04:00:00,2021.108,2028.565,2019.235,2028.255,0
2024-01-17 08:00:00,2027.375,2027.375,2004.765,2005.365,0
2024-01-17 12:00:00,2005.455,2007.655,2001.995,2006.015,0
2024-01-17 16:00:00,2005.908,2010.658,2005.228,2010.658,0
2024-01-17 20:00:00,2010.278,2011.885,2006.365,2008.035,0
2024-01-18 00:00:00,2008.135,2013.785,2006.115,2009.595,0
2024-01-18 04:00:00,2009.055,2016.855,2008.425,2014.885,0
2024-01-18 08:00:00,2014.325,2017.505,2008.435,2014.805,0
2024-01-18 12:00:00,2015.305,2022.485,2013.195,2022.195,0
2024-01-18 16:00:00,2022.015,2024.125,2021.785,2023.005,0
2024-01-18 20:00:00,2024.065,2025.345,2020.725,2020.995,0
2024-01-19 00:00:00,2021.145,2029.785,2020.405,2029.635,0
2024-01-19 04:00:00,2029.585,2034.855,2027.555,2032.735,0
2024-01-19 08:00:00,2033.165,2037.965,2023.705,2024.745,0
2024-01-19 12:00:00,2024.635,2029.265,2024.485,2028.295,0
2024-01-19 16:00:00,2028.058,2029.805,2028.058,2029.375,0
2024-01-21 16:00:00,2028.815,2029.015,2025.495,2028.925,0
2024-01-21 20:00:00,2028.815,2031.935,2024.615,2025.405,0
2024-01-22 00:00:00,2025.295,2025.565,2019.425,2022.155,0
2024-01-22 04:00:00,2021.835,2029.905,2020.865,2029.558,0
2024-01-22 08:00:00,2028.595,2028.595,2018.135,2023.535,0
2024-01-22 12:00:00,2023.315,2024.268,2019.195,2020.745,0
2024-01-22 16:00:00,2020.705,2022.995,2020.175,2022.665,0
2024-01-22 20:00:00,2022.445,2027.755,2019.615,2027.508,0
2024-01-23 00:00:00,2028.295,2037.575,2027.295,2028.875,0
2024-01-23 04:00:00,2028.565,2030.215,2022.635,2025.578,0
2024-01-23 08:00:00,2026.978,2028.748,2021.805,2025.635,0
2024-01-23 12:00:00,2025.585,2030.248,2022.565,2028.575,0
2024-01-23 16:00:00,2028.465,2029.435,2026.995,2027.345,0
2024-01-23 20:00:00,2027.885,2028.685,2023.795,2024.405,0
2024-01-24 00:00:00,2023.758,2031.745,2022.835,2030.795,0
2024-01-24 04:00:00,2030.055,2034.055,2029.358,2032.635,0
2024-01-24 08:00:00,2033.405,2035.775,2011.915,2015.195,0
2024-01-24 12:00:00,2016.245,2019.355,2011.385,2012.195,0
2024-01-24 16:00:00,2012.178,2017.495,2012.015,2015.385,0
2024-01-24 20:00:00,2014.765,2017.005,2014.585,2015.665,0
2024-01-25 00:00:00,2015.915,2017.465,2012.945,2013.745,0
2024-01-25 04:00:00,2014.255,2019.265,2012.995,2013.665,0
2024-01-25 08:00:00,2013.795,2024.525,2013.445,2014.455,0
2024-01-25 12:00:00,2014.035,2020.035,2012.585,2020.035,0
2024-01-25 16:00:00,2019.215,2021.385,2018.955,2021.105,0
2024-01-25 20:00:00,2022.035,2023.728,2021.065,2021.115,0
2024-01-26 00:00:00,2021.055,2023.275,2019.945,2020.385,0
2024-01-26 04:00:00,2020.605,2024.305,2018.315,2021.175,0
2024-01-26 08:00:00,2021.585,2025.735,2016.335,2018.095,0
2024-01-26 12:00:00,2017.635,2019.155,2016.078,2018.465,0
2024-01-26 16:00:00,2018.995,2018.995,2017.875,2017.915,0
2024-01-28 16:00:00,2025.975,2027.364,2019.335,2021.535,0
2024-01-28 20:00:00,2022.125,2027.275,2021.485,2026.185,0
2024-01-29 00:00:00,2026.105,2033.325,2024.855,2031.505,0
2024-01-29 04:00:00,2031.735,2031.735,2025.455,2028.335,0
2024-01-29 08:00:00,2028.895,2037.155,2020.585,2027.005,0
2024-01-29 12:00:00,2027.425,2034.695,2025.135,2032.608,0
2024-01-29 16:00:00,2031.075,2033.855,2029.915,2033.525,0
2024-01-29 20:00:00,2033.855,2033.855,2029.845,2031.705,0
2024-01-30 00:00:00,2031.805,2039.125,2031.555,2038.215,0
2024-01-30 04:00:00,2038.155,2038.525,2032.385,2035.875,0
2024-01-30 08:00:00,2035.565,2048.218,2029.425,2035.805,0
2024-01-30 12:00:00,2035.985,2036.678,2031.455,2035.878,0
2024-01-30 16:00:00,2035.965,2038.485,2035.545,2035.985,0
2024-01-30 20:00:00,2036.618,2036.915,2032.885,2034.475,0
2024-01-31 00:00:00,2034.205,2040.235,2033.198,2038.955,0
2024-01-31 04:00:00,2039.098,2039.595,2036.498,2038.358,0
2024-01-31 08:00:00,2037.805,2055.475,2036.555,2049.895,0
2024-01-31 12:00:00,2049.535,2050.875,2031.515,2034.785,0
2024-01-31 16:00:00,2034.455,2042.375,2034.005,2040.645,0
2024-01-31 20:00:00,2040.155,2048.565,2040.015,2045.634,0
2024-02-01 00:00:00,2045.505,2046.035,2039.155,2041.875,0
2024-02-01 04:00:00,2041.585,2042.665,2030.448,2034.165,0
2024-02-01 08:00:00,2034.745,2065.005,2030.998,2059.245,0
2024-02-01 12:00:00,2059.415,2062.185,2052.165,2055.495,0
2024-02-01 16:00:00,2054.965,2056.615,2053.865,2054.905,0
2024-02-01 20:00:00,2054.525,2055.705,2051.895,2054.965,0
2024-02-02 00:00:00,2055.014,2056.795,2053.805,2053.945,0
2024-02-02 04:00:00,2053.785,2056.065,2052.698,2055.115,0
2024-02-02 08:00:00,2054.695,2057.325,2027.995,2036.165,0
2024-02-02 12:00:00,2036.135,2038.605,2034.098,2035.945,0
2024-02-02 16:00:00,2036.615,2039.598,2036.295,2039.275,0
2024-02-04 16:00:00,2039.708,2041.595,2033.775,2035.575,0
2024-02-04 20:00:00,2035.295,2038.535,2030.425,2031.825,0
2024-02-05 00:00:00,2031.585,2031.645,2022.175,2023.365,0
2024-02-05 04:00:00,2023.545,2027.958,2020.685,2022.558,0
2024-02-05 08:00:00,2021.985,2023.434,2014.985,2022.088,0
2024-02-05 12:00:00,2022.785,2027.255,2021.558,2024.895,0
2024-02-05 16:00:00,2024.825,2027.455,2023.675,2026.744,0
2024-02-05 20:00:00,2027.715,2028.235,2023.525,2026.245,0
2024-02-06 00:00:00,2026.475,2029.518,2023.485,2023.735,0
2024-02-06 04:00:00,2023.405,2027.685,2023.095,2027.685,0
2024-02-06 08:00:00,2027.725,2038.595,2026.305,2036.498,0
2024-02-06 12:00:00,2035.675,2037.935,2033.425,2035.655,0
2024-02-06 16:00:00,2035.585,2035.995,2034.395,2034.995,0
2024-02-06 20:00:00,2035.125,2035.685,2034.015,2035.145,0
2024-02-07 00:00:00,2035.125,2035.725,2031.415,2032.805,0
2024-02-07 04:00:00,2032.665,2035.425,2030.645,2033.385,0
2024-02-07 08:00:00,2032.945,2044.165,2032.305,2038.325,0
2024-02-07 12:00:00,2038.015,2038.205,2034.0,2034.638,0
2024-02-07 16:00:00,2034.765,2037.555,2033.635,2037.205,0
2024-02-07 20:00:00,2037.428,2038.495,2031.715,2032.125,0
2024-02-08 00:00:00,2031.855,2034.825,2029.035,2030.735,0
2024-02-08 04:00:00,2030.935,2038.155,2023.955,2024.865,0
2024-02-08 08:00:00,2024.545,2032.855,2020.505,2031.835,0
2024-02-08 12:00:00,2031.555,2034.855,2030.345,2032.885,0
2024-02-08 16:00:00,2033.275,2034.775,2031.874,2031.975,0
2024-02-08 20:00:00,2033.215,2034.924,2032.178,2032.655,0
2024-02-09 00:00:00,2032.555,2034.525,2030.665,2032.325,0
2024-02-09 04:00:00,2032.035,2033.275,2028.675,2028.725,0
2024-02-09 08:00:00,2028.055,2034.948,2020.328,2021.535,0
2024-02-09 12:00:00,2021.565,2026.105,2021.205,2025.035,0
2024-02-09 16:00:00,2025.195,2025.435,2023.885,2024.155,0
2024-02-11 16:00:00,2025.225,2026.554,2024.395,2025.065,0
2024-02-11 20:00:00,2025.955,2026.295,2021.815,2023.075,0
2024-02-12 00:00:00,2022.965,2026.775,2022.965,2023.605,0
2024-02-12 04:00:00,2023.375,2023.765,2020.015,2021.325,0
2024-02-12 08:00:00,2021.415,2026.948,2011.885,2015.865,0
2024-02-12 12:00:00,2016.025,2021.398,2015.725,2019.955,0
2024-02-12 16:00:00,2020.295,2020.358,2018.295,2019.398,0
2024-02-12 20:00:00,2019.895,2020.915,2016.905,2018.895,0
2024-02-13 00:00:00,2019.085,2026.075,2019.085,2026.075,0
2024-02-13 04:00:00,2026.178,2029.145,2025.118,2028.175,0
2024-02-13 08:00:00,2028.165,2029.635,1990.305,1994.815,0
2024-02-13 12:00:00,1994.515,1995.738,1991.185,1992.525,0
2024-02-13 16:00:00,1992.355,1993.468,1990.775,1992.555,0
2024-02-13 20:00:00,1992.255,1993.198,1989.068,1992.285,0
2024-02-14 00:00:00,1992.265,1993.215,1986.705,1988.355,0
2024-02-14 04:00:00,1988.735,1993.125,1988.405,1990.175,0
2024-02-14 08:00:00,1990.155,1993.425,1984.955,1993.075,0
2024-02-14 12:00:00,1991.845,1995.825,1989.658,1991.025,0
2024-02-14 16:00:00,1990.465,1993.935,1990.398,1993.585,0
2024-02-14 20:00:00,1993.978,1994.078,1990.215,1991.945,0
2024-02-15 00:00:00,1991.835,1995.675,1991.605,1995.065,0
2024-02-15 04:00:00,1994.918,1998.765,1993.955,1997.915,0
2024-02-15 08:00:00,1998.255,2007.665,1995.765,2000.085,0
2024-02-15 12:00:00,2001.035,2006.355,2000.705,2004.315,0
2024-02-15 16:00:00,2004.035,2004.628,2002.304,2002.428,0
2024-02-15 20:00:00,2003.038,2005.545,2002.538,2003.555,0
2024-02-16 00:00:00,2003.655,2006.395,2002.735,2004.875,0
2024-02-16 04:00:00,2004.815,2007.875,2004.305,2006.755,0
2024-02-16 08:00:00,2006.315,2010.675,1995.595,2009.125,0
2024-02-16 12:00:00,2009.055,2015.045,2008.795,2011.835,0
2024-02-16 16:00:00,2011.995,2013.748,2011.995,2013.055,0
2024-02-18 16:00:00,2014.345,2019.955,2010.625,2018.715,0
2024-02-18 20:00:00,2017.975,2022.675,2016.785,2018.985,0
2024-02-19 00:00:00,2018.955,2022.675,2018.475,2020.075,0
2024-02-19 04:00:00,2020.015,2020.475,2015.978,2016.685,0
2024-02-19 08:00:00,2017.265,2018.928,2013.345,2016.145,0
2024-02-19 12:00:00,2016.395,2018.245,2016.015,2017.775,0
2024-02-19 16:00:00,2017.328,2017.328,2014.965,2016.135,0
2024-02-19 20:00:00,2016.335,2019.605,2015.385,2019.405,0
2024-02-20 00:00:00,2019.325,2022.755,2017.818,2022.735,0
2024-02-20 04:00:00,2022.945,2027.715,2022.615,2026.565,0
2024-02-20 08:00:00,2026.325,2030.668,2025.645,2026.805,0
2024-02-20 12:00:00,2026.715,2028.675,2023.635,2024.225,0
2024-02-20 16:00:00,2024.385,2024.655,2022.875,2023.455,0
2024-02-20 20:00:00,2023.365,2031.055,2023.365,2030.765,0
2024-02-21 00:00:00,2030.725,2031.875,2026.135,2026.455,0
2024-02-21 04:00:00,2026.165,2030.065,2025.895,2029.355,0
2024-02-21 08:00:00,2029.025,2031.165,2023.515,2023.855,0
2024-02-21 12:00:00,2023.885,2026.685,2020.595,2024.268,0
2024-02-21 16:00:00,2024.748,2026.575,2023.985,2026.375,0
2024-02-21 20:00:00,2026.935,2028.815,2025.455,2028.745,0
2024-02-22 00:00:00,2028.805,2034.545,2028.118,2033.135,0
2024-02-22 04:00:00,2032.755,2032.755,2027.255,2028.175,0
2024-02-22 08:00:00,2027.535,2028.455,2019.825,2020.865,0
2024-02-22 12:00:00,2021.295,2024.528,2020.025,2024.528,0
2024-02-22 16:00:00,2024.448,2025.925,2022.905,2024.395,0
2024-02-22 20:00:00,2024.985,2027.215,2023.955,2025.995,0
2024-02-23 00:00:00,2026.075,2026.075,2018.285,2019.455,0
2024-02-23 04:00:00,2019.245,2028.465,2016.125,2027.905,0
2024-02-23 08:00:00,2027.815,2038.375,2024.175,2038.265,0
2024-02-23 12:00:00,2039.008,2041.025,2035.625,2036.535,0
2024-02-23 16:00:00,2036.285,2036.285,2034.975,2035.215,0
2024-02-25 16:00:00,2032.875,2034.755,2029.818,2030.235,0
2024-02-25 20:00:00,2029.855,2033.895,2029.855,2032.155,0
2024-02-26 00:00:00,2032.155,2036.605,2031.935,2033.965,0
2024-02-26 04:00:00,2033.915,2035.235,2030.815,2032.775,0
2024-02-26 08:00:00,2032.745,2034.208,2025.395,2027.685,0
2024-02-26 12:00:00,2027.735,2033.465,2026.515,2032.208,0
2024-02-26 16:00:00,2032.005,2032.285,2030.675,2031.425,0
2024-02-26 20:00:00,2031.705,2034.455,2031.458,2033.675,0
2024-02-27 00:00:00,2033.685,2039.275,2032.765,2038.005,0
2024-02-27 04:00:00,2037.835,2038.885,2034.855,2038.215,0
2024-02-27 08:00:00,2038.155,2038.345,2031.975,2033.015,0
2024-02-27 12:00:00,2032.525,2035.795,2029.075,2030.065,0
2024-02-27 16:00:00,2030.065,2031.105,2029.075,2030.725,0
2024-02-27 20:00:00,2030.405,2033.615,2029.705,2030.118,0
2024-02-28 00:00:00,2030.118,2031.885,2026.695,2026.695,0
2024-02-28 04:00:00,2027.005,2030.195,2024.825,2029.475,0
2024-02-28 08:00:00,2029.438,2037.255,2029.278,2033.505,0
2024-02-28 12:00:00,2033.605,2035.468,2030.905,2033.658,0
2024-02-28 16:00:00,2033.635,2035.405,2033.055,2034.095,0
2024-02-28 20:00:00,2034.775,2036.905,2034.208,2035.048,0
2024-02-29 00:00:00,2035.448,2037.635,2034.465,2037.135,0
2024-02-29 04:00:00,2037.135,2037.135,2028.055,2030.155,0
2024-02-29 08:00:00,2030.555,2050.425,2030.225,2044.835,0
2024-02-29 12:00:00,2045.175,2046.675,2043.238,2043.935,0
2024-02-29 16:00:00,2043.695,2044.185,2042.765,2043.594,0
2024-02-29 20:00:00,2043.875,2046.608,2043.135,2045.425,0
2024-03-01 00:00:00,2045.535,2048.635,2039.065,2039.745,0
2024-03-01 04:00:00,2039.845,2057.015,2039.845,2052.275,0
2024-03-01 08:00:00,2052.005,2081.515,2045.985,2081.045,0
2024-03-01 12:00:00,2081.195,2087.965,2081.125,2083.375,0
2024-03-01 16:00:00,2083.485,2083.808,2082.395,2082.395,0
2024-03-03 16:00:00,2082.684,2086.005,2082.185,2082.535,0
2024-03-03 20:00:00,2082.515,2083.335,2079.394,2080.715,0
2024-03-04 00:00:00,2080.815,2087.995,2080.425,2083.765,0
2024-03-04 04:00:00,2084.005,2085.805,2081.775,2082.465,0
2024-03-04 08:00:00,2082.008,2119.578,2081.318,2119.178,0
2024-03-04 12:00:00,2118.585,2118.585,2113.318,2116.585,0
2024-03-04 16:00:00,2117.085,2117.148,2113.595,2115.395,0
2024-03-04 20:00:00,2115.055,2116.635,2110.585,2115.815,0
2024-03-05 00:00:00,2115.618,2123.075,2113.938,2120.575,0
2024-03-05 04:00:00,2119.795,2127.005,2119.225,2124.278,0
2024-03-05 08:00:00,2124.605,2140.305,2122.605,2128.225,0
2024-03-05 12:00:00,2127.705,2133.985,2127.555,2129.528,0
2024-03-05 16:00:00,2129.785,2129.935,2126.255,2126.805,0
2024-03-05 20:00:00,2127.045,2127.798,2123.815,2126.115,0
2024-03-06 00:00:00,2126.095,2131.385,2124.335,2124.975,0
2024-03-06 04:00:00,2125.145,2134.545,2124.675,2134.125,0
2024-03-06 08:00:00,2133.995,2148.928,2132.365,2148.078,0
2024-03-06 12:00:00,2148.258,2151.595,2139.855,2146.615,0
2024-03-06 16:00:00,2146.005,2150.265,2144.848,2148.815,0
2024-03-06 20:00:00,2147.595,2159.985,2144.205,2158.115,0
2024-03-07 00:00:00,2157.878,2159.425,2151.825,2155.225,0
2024-03-07 04:00:00,2155.485,2158.415,2153.265,2158.295,0
2024-03-07 08:00:00,2157.935,2163.385,2148.435,2156.095,0
2024-03-07 12:00:00,2156.785,2160.595,2155.285,2158.535,0
2024-03-07 16:00:00,2158.695,2163.085,2158.305,2160.775,0
2024-03-07 20:00:00,2161.115,2161.415,2154.164,2157.625,0
2024-03-08 00:00:00,2157.805,2166.825,2156.455,2165.085,0
2024-03-08 04:00:00,2165.005,2170.255,2164.675,2165.905,0
2024-03-08 08:00:00,2165.245,2185.035,2164.125,2180.575,0
2024-03-08 12:00:00,2182.165,2194.995,2168.215,2177.185,0
2024-03-08 16:00:00,2177.635,2178.965,2176.768,2178.965,0
2024-03-10 16:00:00,2180.898,2188.515,2177.005,2186.595,0
2024-03-10 20:00:00,2185.875,2185.875,2176.765,2180.585,0
2024-03-11 00:00:00,2180.095,2182.585,2177.095,2177.335,0
2024-03-11 04:00:00,2177.235,2181.445,2176.465,2177.035,0
2024-03-11 08:00:00,2176.955,2185.435,2176.145,2180.715,0
2024-03-11 12:00:00,2180.735,2183.798,2177.425,2182.085,0
2024-03-11 16:00:00,2182.005,2184.625,2180.225,2180.335,0
2024-03-11 20:00:00,2180.615,2182.945,2177.095,2178.085,0
2024-03-12 00:00:00,2178.175,2178.975,2173.625,2177.715,0
2024-03-12 04:00:00,2178.245,2180.615,2166.515,2169.675,0
2024-03-12 08:00:00,2168.825,2168.825,2152.835,2165.655,0
2024-03-12 12:00:00,2165.345,2165.345,2151.475,2158.045,0
2024-03-12 16:00:00,2158.674,2160.778,2155.675,2159.215,0
2024-03-12 20:00:00,2158.775,2161.435,2157.198,2159.255,0
2024-03-13 00:00:00,2159.265,2161.208,2158.045,2158.115,0
2024-03-13 04:00:00,2157.985,2166.185,2157.645,2163.408,0
2024-03-13 08:00:00,2163.295,2174.355,2161.675,2173.585,0
2024-03-13 12:00:00,2173.675,2179.315,2171.855,2174.065,0
2024-03-13 16:00:00,2174.798,2176.385,2173.975,2176.195,0
2024-03-13 20:00:00,2175.855,2176.695,2170.975,2171.635,0
2024-03-14 00:00:00,2171.615,2171.735,2167.578,2169.465,0
2024-03-14 04:00:00,2169.445,2171.865,2161.915,2162.675,0
2024-03-14 08:00:00,2162.245,2165.595,2153.315,2158.548,0
2024-03-14 12:00:00,2158.554,2164.275,2158.228,2161.765,0
2024-03-14 16:00:00,2162.105,2162.935,2160.665,2162.575,0
2024-03-14 20:00:00,2163.125,2165.465,2161.735,2164.365,0
2024-03-15 00:00:00,2164.655,2169.775,2163.665,2168.895,0
2024-03-15 04:00:00,2169.435,2172.475,2157.735,2161.705,0
2024-03-15 08:00:00,2162.755,2165.795,2156.995,2158.685,0
2024-03-15 12:00:00,2159.185,2160.395,2155.515,2155.625,0
2024-03-17 16:00:00,2152.505,2157.075,2152.275,2156.515,0
2024-03-17 20:00:00,2155.775,2155.775,2146.185,2147.255,0
2024-03-18 00:00:00,2147.015,2154.285,2146.065,2153.378,0
2024-03-18 04:00:00,2153.685,2162.835,2153.605,2158.985,0
2024-03-18 08:00:00,2159.735,2161.155,2154.665,2159.805,0
2024-03-18 12:00:00,2160.105,2160.865,2158.055,2159.995,0
2024-03-18 16:00:00,2160.255,2162.645,2160.048,2160.545,0
2024-03-18 20:00:00,2160.505,2162.455,2158.635,2160.165,0
2024-03-19 00:00:00,2160.275,2160.275,2147.085,2153.015,0
2024-03-19 04:00:00,2152.635,2158.235,2150.975,2156.865,0
2024-03-19 08:00:00,2157.185,2158.415,2148.695,2154.425,0
2024-03-19 12:00:00,2154.455,2158.285,2154.385,2156.995,0
2024-03-19 16:00:00,2157.725,2159.445,2155.145,2157.075,0
2024-03-19 20:00:00,2157.515,2160.005,2156.785,2156.785,0
2024-03-20 00:00:00,2156.915,2159.005,2154.465,2156.085,0
2024-03-20 04:00:00,2156.005,2156.015,2149.735,2153.105,0
2024-03-20 08:00:00,2152.775,2164.435,2150.928,2157.585,0
2024-03-20 12:00:00,2157.275,2187.955,2156.765,2185.855,0
2024-03-20 16:00:00,2186.215,2213.135,2186.215,2198.865,0
2024-03-20 20:00:00,2199.815,2209.935,2198.265,2203.185,0
2024-03-21 00:00:00,2203.265,2209.915,2197.234,2201.455,0
2024-03-21 04:00:00,2200.925,2211.685,2200.045,2207.595,0
2024-03-21 08:00:00,2207.195,2207.195,2167.195,2179.815,0
2024-03-21 12:00:00,2180.265,2183.785,2178.724,2180.815,0
2024-03-21 16:00:00,2180.998,2185.685,2180.898,2184.895,0
2024-03-21 20:00:00,2184.445,2185.605,2172.075,2173.505,0
2024-03-22 00:00:00,2173.285,2176.165,2163.155,2167.865,0
2024-03-22 04:00:00,2168.515,2175.698,2165.258,2174.495,0
2024-03-22 08:00:00,2173.445,2179.315,2162.325,2162.595,0
2024-03-22 12:00:00,2163.145,2167.115,2157.345,2165.055,0
2024-03-24 16:00:00,2165.335,2169.325,2164.055,2165.435,0
2024-03-24 20:00:00,2164.485,2178.045,2164.095,2169.345,0
2024-03-25 00:00:00,2169.745,2170.815,2163.715,2165.605,0
2024-03-25 04:00:00,2165.745,2176.525,2164.445,2174.415,0
2024-03-25 08:00:00,2174.115,2180.548,2173.075,2175.705,0
2024-03-25 12:00:00,2176.105,2176.435,2170.655,2171.235,0
2024-03-25 16:00:00,2171.445,2174.285,2171.235,2173.745,0
2024-03-25 20:00:00,2172.608,2173.675,2167.705,2172.215,0
2024-03-26 00:00:00,2171.865,2179.145,2169.525,2178.215,0
2024-03-26 04:00:00,2178.895,2199.525,2178.895,2187.825,0
2024-03-26 08:00:00,2186.765,2192.498,2171.765,2176.688,0
2024-03-26 12:00:00,2176.465,2179.075,2174.705,2178.515,0
2024-03-26 16:00:00,2177.985,2179.755,2176.755,2177.385,0
2024-03-26 20:00:00,2178.355,2180.135,2173.965,2178.285,0
2024-03-27 00:00:00,2178.168,2182.505,2175.995,2177.345,0
2024-03-27 04:00:00,2177.335,2197.285,2177.335,2185.968,0
2024-03-27 08:00:00,2184.985,2195.045,2183.685,2192.335,0
2024-03-27 12:00:00,2192.165,2194.955,2189.295,2194.335,0
2024-03-27 16:00:00,2191.098,2193.415,2187.415,2188.958,0
2024-03-27 20:00:00,2189.045,2196.475,2187.474,2195.565,0
2024-03-28 00:00:00,2195.815,2200.075,2190.898,2194.635,0
2024-03-28 04:00:00,2194.078,2215.755,2192.645,2215.605,0
2024-03-28 08:00:00,2216.755,2224.778,2203.455,2220.285,0
2024-03-28 12:00:00,2220.595,2232.698,2217.675,2232.698,0
2024-03-31 16:00:00,2240.395,2242.845,2236.165,2236.805,0
2024-03-31 20:00:00,2244.335,2264.755,2244.135,2264.325,0
2024-04-01 00:00:00,2264.175,2265.265,2257.005,2257.358,0
2024-04-01 04:00:00,2257.565,2259.915,2245.865,2246.745,0
2024-04-01 08:00:00,2247.155,2257.748,2228.595,2239.625,0
2024-04-01 12:00:00,2238.685,2244.648,2235.025,2244.648,0
2024-04-01 16:00:00,2243.465,2255.735,2243.465,2248.885,0
2024-04-01 20:00:00,2248.525,2254.975,2246.875,2251.485,0
2024-04-02 00:00:00,2251.485,2257.845,2250.328,2256.315,0
2024-04-02 04:00:00,2256.545,2265.195,2256.165,2260.495,0
2024-04-02 08:00:00,2260.705,2276.645,2251.705,2258.528,0
2024-04-02 12:00:00,2258.848,2278.005,2254.695,2277.348,0
2024-04-02 16:00:00,2276.948,2287.365,2275.798,2279.845,0
2024-04-02 20:00:00,2280.865,2287.695,2277.528,2284.985,0
2024-04-03 00:00:00,2285.305,2286.678,2270.718,2271.075,0
2024-04-03 04:00:00,2270.575,2275.945,2267.945,2273.598,0
2024-04-03 08:00:00,2273.525,2287.508,2266.765,2286.215,0
2024-04-03 12:00:00,2285.845,2298.625,2281.455,2297.365,0
2024-04-03 16:00:00,2297.615,2302.265,2296.325,2297.445,0
2024-04-03 20:00:00,2298.465,2302.455,2297.565,2299.015,0
2024-04-04 00:00:00,2299.078,2300.465,2292.515,2292.925,0
2024-04-04 04:00:00,2292.215,2295.015,2289.205,2289.205,0
2024-04-04 08:00:00,2288.985,2298.905,2282.905,2291.985,0
2024-04-04 12:00:00,2291.725,2304.185,2280.555,2284.775,0
2024-04-04 16:00:00,2285.705,2293.145,2284.845,2288.635,0
2024-04-04 20:00:00,2289.425,2290.165,2267.745,2276.595,0
2024-04-05 00:00:00,2277.035,2290.195,2276.515,2289.075,0
2024-04-05 04:00:00,2288.885,2295.075,2285.215,2291.055,0
2024-04-05 08:00:00,2291.078,2327.995,2281.765,2326.085,0
2024-04-05 12:00:00,2326.915,2329.475,2320.775,2323.115,0
2024-04-05 16:00:00,2323.485,2329.705,2323.095,2328.195,0
2024-04-07 16:00:00,2322.495,2327.565,2305.705,2311.115,0
2024-04-07 20:00:00,2309.425,2349.635,2302.795,2345.425,0
2024-04-08 00:00:00,2344.275,2344.955,2332.145,2337.695,0
2024-04-08 04:00:00,2336.865,2343.268,2333.655,2337.225,0
2024-04-08 08:00:00,2336.475,2336.605,2319.325,2327.795,0
2024-04-08 12:00:00,2327.355,2341.755,2325.935,2338.305,0
2024-04-08 16:00:00,2338.475,2340.165,2336.875,2338.685,0
2024-04-08 20:00:00,2339.265,2347.925,2337.965,2343.855,0
2024-04-09 00:00:00,2343.605,2355.675,2343.208,2353.855,0
2024-04-09 04:00:00,2352.575,2365.155,2349.788,2354.455,0
2024-04-09 08:00:00,2353.895,2363.185,2338.365,2340.225,0
2024-04-09 12:00:00,2341.655,2351.275,2340.365,2351.055,0
2024-04-09 16:00:00,2350.805,2354.775,2350.728,2354.775,0
2024-04-09 20:00:00,2354.715,2355.265,2344.745,2351.225,0
2024-04-10 00:00:00,2351.015,2359.915,2351.015,2352.965,0
2024-04-10 04:00:00,2352.455,2355.585,2344.898,2346.935,0
2024-04-10 08:00:00,2347.515,2351.345,2319.765,2336.925,0
2024-04-10 12:00:00,2337.418,2344.155,2326.324,2329.625,0
2024-04-10 16:00:00,2330.475,2336.925,2329.915,2335.435,0
2024-04-10 20:00:00,2334.305,2346.715,2333.305,2343.825,0
2024-04-11 00:00:00,2343.775,2345.835,2334.055,2336.325,0
2024-04-11 04:00:00,2336.985,2339.375,2326.335,2337.135,0
2024-04-11 08:00:00,2338.378,2347.005,2332.575,2344.655,0
2024-04-11 12:00:00,2344.565,2374.375,2342.988,2372.745,0
2024-04-11 16:00:00,2373.315,2377.795,2371.255,2376.725,0
2024-04-11 20:00:00,2375.655,2394.725,2374.715,2384.105,0
2024-04-12 00:00:00,2383.545,2399.865,2382.825,2399.865,0
2024-04-12 04:00:00,2399.345,2400.095,2390.775,2395.325,0
2024-04-12 08:00:00,2394.835,2430.405,2386.715,2395.505,0
2024-04-12 12:00:00,2393.065,2394.828,2334.835,2343.295,0
2024-04-12 16:00:00,2342.495,2344.725,2342.045,2343.285,0
2024-04-14 16:00:00,2362.535,2372.088,2349.185,2364.585,0
2024-04-14 20:00:00,2363.525,2364.095,2348.795,2358.475,0
2024-04-15 00:00:00,2357.815,2361.865,2350.698,2353.035,0
2024-04-15 04:00:00,2349.605,2360.605,2344.745,2357.875,0
2024-04-15 08:00:00,2358.535,2360.915,2326.625,2351.555,0
2024-04-15 12:00:00,2350.545,2387.035,2346.118,2386.305,0
2024-04-15 16:00:00,2384.934,2391.875,2380.195,2381.825,0
2024-04-15 20:00:00,2380.505,2389.148,2380.035,2387.818,0
2024-04-16 00:00:00,2387.005,2388.595,2363.848,2365.385,0
2024-04-16 04:00:00,2365.965,2374.838,2365.505,2373.888,0
2024-04-16 08:00:00,2373.645,2392.508,2363.555,2385.865,0
2024-04-16 12:00:00,2387.355,2398.028,2380.895,2389.528,0
2024-04-16 16:00:00,2389.685,2390.025,2378.634,2382.575,0
2024-04-16 20:00:00,2382.255,2385.668,2380.885,2381.605,0
2024-04-17 00:00:00,2381.305,2382.878,2372.755,2382.378,0
2024-04-17 04:00:00,2383.275,2394.045,2382.958,2387.195,0
2024-04-17 08:00:00,2386.818,2395.328,2378.358,2382.075,0
2024-04-17 12:00:00,2382.825,2383.525,2362.825,2372.555,0
2024-04-17 16:00:00,2372.795,2372.825,2358.985,2367.815,0
2024-04-17 20:00:00,2368.555,2374.975,2364.325,2374.735,0
2024-04-18 00:00:00,2374.205,2380.705,2373.175,2377.715,0
2024-04-18 04:00:00,2377.565,2383.878,2377.345,2380.795,0
2024-04-18 08:00:00,2381.555,2391.834,2370.715,2383.978,0
2024-04-18 12:00:00,2384.885,2388.555,2378.655,2380.095,0
2024-04-18 16:00:00,2379.565,2381.305,2377.005,2379.795,0
2024-04-18 20:00:00,2378.565,2416.185,2373.905,2391.235,0
2024-04-19 00:00:00,2389.945,2392.358,2379.054,2385.255,0
2024-04-19 04:00:00,2384.578,2385.815,2373.215,2376.735,0
2024-04-19 08:00:00,2376.308,2395.195,2373.585,2394.765,0
2024-04-19 12:00:00,2393.755,2401.705,2386.655,2387.495,0
2024-04-19 16:00:00,2387.725,2392.088,2386.595,2390.295,0
2024-04-21 16:00:00,2386.575,2387.625,2382.125,2386.405,0
2024-04-21 20:00:00,2384.735,2384.755,2362.645,2369.285,0
2024-04-22 00:00:00,2369.385,2372.715,2352.575,2360.865,0
2024-04-22 04:00:00,2360.658,2363.435,2339.775,2342.085,0
2024-04-22 08:00:00,2339.775,2350.088,2331.645,2334.595,0
2024-04-22 12:00:00,2334.665,2336.085,2325.175,2329.145,0
2024-04-22 16:00:00,2329.415,2333.665,2325.315,2333.665,0
2024-04-22 20:00:00,2333.595,2334.135,2298.735,2302.465,0
2024-04-23 00:00:00,2302.225,2313.538,2299.595,2308.895,0
2024-04-23 04:00:00,2308.158,2309.115,2293.175,2302.035,0
2024-04-23 08:00:00,2301.615,2331.005,2301.615,2323.145,0
2024-04-23 12:00:00,2323.215,2330.828,2321.525,2322.168,0
2024-04-23 16:00:00,2322.095,2323.975,2321.215,2323.155,0
2024-04-23 20:00:00,2322.935,2327.965,2315.805,2327.815,0
2024-04-24 00:00:00,2327.745,2330.895,2320.575,2320.575,0
2024-04-24 04:00:00,2320.905,2321.835,2312.405,2316.035,0
2024-04-24 08:00:00,2315.915,2336.145,2312.255,2322.465,0
2024-04-24 12:00:00,2323.378,2330.048,2317.995,2318.858,0
2024-04-24 16:00:00,2319.155,2319.215,2313.775,2316.085,0
2024-04-24 20:00:00,2315.605,2321.895,2306.725,2313.075,0
2024-04-25 00:00:00,2313.875,2325.555,2312.305,2325.555,0
2024-04-25 04:00:00,2325.205,2330.365,2324.005,2328.425,0
2024-04-25 08:00:00,2328.325,2343.848,2313.835,2330.265,0
2024-04-25 12:00:00,2329.645,2336.248,2323.405,2332.795,0
2024-04-25 16:00:00,2332.635,2333.295,2330.095,2330.545,0
2024-04-25 20:00:00,2331.065,2335.878,2326.175,2334.565,0
2024-04-26 00:00:00,2334.365,2346.485,2334.068,2345.405,0
2024-04-26 04:00:00,2346.825,2351.945,2343.318,2344.775,0
2024-04-26 08:00:00,2344.465,2351.308,2329.895,2336.615,0
2024-04-26 12:00:00,2336.075,2340.785,2332.775,2339.915,0
2024-04-26 16:00:00,2339.785,2339.785,2336.405,2337.245,0
2024-04-28 16:00:00,2335.595,2336.685,2332.835,2335.845,0
2024-04-28 20:00:00,2335.575,2336.085,2322.385,2328.338,0
2024-04-29 00:00:00,2327.498,2337.715,2327.485,2337.165,0
2024-04-29 04:00:00,2336.675,2343.585,2335.355,2336.955,0
2024-04-29 08:00:00,2336.085,2339.335,2327.745,2337.695,0
2024-04-29 12:00:00,2337.875,2346.445,2332.938,2335.615,0
2024-04-29 16:00:00,2335.495,2336.815,2332.765,2333.025,0
2024-04-29 20:00:00,2332.225,2335.895,2327.665,2329.054,0
2024-04-30 00:00:00,2328.755,2329.295,2315.445,2317.445,0
2024-04-30 04:00:00,2317.355,2318.065,2309.775,2312.625,0
2024-04-30 08:00:00,2312.175,2313.095,2293.238,2295.835,0
2024-04-30 12:00:00,2297.515,2298.845,2289.875,2290.655,0
2024-04-30 16:00:00,2292.255,2293.025,2285.165,2291.265,0
2024-04-30 20:00:00,2292.335,2292.675,2283.225,2284.075,0
2024-05-01 00:00:00,2283.705,2289.495,2281.555,2285.725,0
2024-05-01 04:00:00,2285.965,2296.475,2283.998,2294.445,0
2024-05-01 08:00:00,2294.745,2309.728,2294.508,2307.128,0
2024-05-01 12:00:00,2305.465,2327.095,2297.605,2309.675,0
2024-05-01 16:00:00,2308.025,2324.545,2307.935,2323.638,0
2024-05-01 20:00:00,2323.958,2326.138,2317.465,2319.395,0
2024-05-02 00:00:00,2319.725,2320.785,2308.185,2309.115,0
2024-05-02 04:00:00,2309.358,2310.625,2295.455,2298.878,0
2024-05-02 08:00:00,2298.145,2305.925,2285.665,2299.773,0
2024-05-02 12:00:00,2298.115,2309.048,2298.115,2302.795,0
2024-05-02 16:00:00,2303.065,2305.305,2300.898,2304.115,0
2024-05-02 20:00:00,2304.225,2305.735,2299.785,2302.345,0
2024-05-03 00:00:00,2302.755,2308.495,2297.715,2299.078,0
2024-05-03 04:00:00,2299.315,2302.615,2296.815,2298.215,0
2024-05-03 08:00:00,2298.045,2319.155,2277.478,2293.598,0
2024-05-03 12:00:00,2293.155,2302.725,2292.975,2301.268,0
2024-05-03 16:00:00,2300.848,2303.205,2300.685,2301.175,0
2024-05-05 16:00:00,2303.255,2303.255,2293.475,2293.875,0
2024-05-05 20:00:00,2293.685,2314.895,2291.945,2309.215,0
2024-05-06 00:00:00,2308.638,2323.085,2308.115,2322.645,0
2024-05-06 04:00:00,2321.515,2322.055,2315.875,2318.165,0
2024-05-06 08:00:00,2318.565,2331.545,2314.815,2324.665,0
2024-05-06 12:00:00,2324.535,2327.265,2318.465,2324.915,0
2024-05-06 16:00:00,2325.205,2328.575,2322.455,2325.935,0
2024-05-06 20:00:00,2326.555,2329.235,2319.645,2324.775,0
2024-05-07 00:00:00,2324.915,2324.915,2317.835,2319.195,0
2024-05-07 04:00:00,2319.515,2319.515,2312.245,2312.245,0
2024-05-07 08:00:00,2310.288,2322.808,2310.035,2314.655,0
2024-05-07 12:00:00,2313.325,2317.105,2311.075,2314.555,0
2024-05-07 16:00:00,2314.598,2316.488,2312.845,2315.105,0
2024-05-07 20:00:00,2315.398,2317.935,2307.275,2316.925,0
2024-05-08 00:00:00,2316.965,2320.745,2305.505,2305.505,0
2024-05-08 04:00:00,2304.505,2317.585,2304.095,2314.595,0
2024-05-08 08:00:00,2314.958,2320.265,2307.455,2320.265,0
2024-05-08 12:00:00,2319.658,2320.585,2308.005,2308.005,0
2024-05-08 16:00:00,2309.445,2310.445,2308.005,2308.695,0
2024-05-08 20:00:00,2308.635,2312.874,2307.784,2312.235,0
2024-05-09 00:00:00,2312.165,2319.515,2308.455,2309.215,0
2024-05-09 04:00:00,2309.845,2316.205,2306.795,2315.818,0
2024-05-09 08:00:00,2316.698,2337.535,2312.624,2330.275,0
2024-05-09 12:00:00,2329.975,2343.765,2329.665,2343.675,0
2024-05-09 16:00:00,2343.798,2348.145,2343.675,2346.404,0
2024-05-09 20:00:00,2346.805,2354.628,2346.025,2353.255,0
2024-05-10 00:00:00,2352.805,2369.975,2351.215,2366.535,0
2024-05-10 04:00:00,2366.128,2378.145,2366.128,2372.075,0
2024-05-10 08:00:00,2372.695,2375.405,2356.595,2364.755,0
2024-05-10 12:00:00,2363.698,2370.058,2361.658,2363.295,0
2024-05-10 16:00:00,2363.748,2364.735,2359.785,2360.175,0
2024-05-12 16:00:00,2360.695,2362.835,2359.718,2360.278,0
2024-05-12 20:00:00,2359.958,2364.185,2355.618,2356.958,0
2024-05-13 00:00:00,2356.865,2356.865,2346.725,2348.518,0
2024-05-13 04:00:00,2349.045,2350.245,2338.705,2344.475,0
2024-05-13 08:00:00,2344.448,2348.685,2333.018,2335.778,0
2024-05-13 12:00:00,2336.338,2338.115,2334.495,2337.248,0
2024-05-13 16:00:00,2336.748,2338.845,2335.168,2338.275,0
2024-05-13 20:00:00,2338.075,2344.215,2334.995,2343.008,0
2024-05-14 00:00:00,2342.915,2345.535,2336.235,2339.085,0
2024-05-14 04:00:00,2339.075,2348.045,2337.845,2343.415,0
2024-05-14 08:00:00,2343.475,2355.195,2339.125,2347.848,0
2024-05-14 12:00:00,2347.705,2359.428,2346.395,2356.505,0
2024-05-14 16:00:00,2356.325,2358.255,2355.105,2355.695,0
2024-05-14 20:00:00,2355.795,2360.785,2354.848,2360.238,0
2024-05-15 00:00:00,2360.548,2364.018,2355.995,2362.315,0
2024-05-15 04:00:00,2362.575,2374.025,2362.215,2362.668,0
2024-05-15 08:00:00,2360.705,2385.485,2353.365,2377.488,0
2024-05-15 12:00:00,2377.478,2389.818,2377.478,2386.305,0
2024-05-15 16:00:00,2387.398,2391.725,2385.425,2391.715,0
2024-05-15 20:00:00,2391.225,2396.985,2386.885,2388.595,0
2024-05-16 00:00:00,2388.735,2394.238,2385.305,2389.205,0
2024-05-16 04:00:00,2389.775,2391.235,2380.995,2384.508,0
2024-05-16 08:00:00,2384.854,2385.495,2371.165,2381.428,0
2024-05-16 12:00:00,2379.778,2383.305,2377.885,2378.045,0
2024-05-16 16:00:00,2377.925,2379.425,2375.825,2377.705,0
2024-05-16 20:00:00,2378.545,2380.865,2374.005,2377.755,0
2024-05-17 00:00:00,2377.395,2387.525,2376.535,2383.748,0
2024-05-17 04:00:00,2384.085,2389.978,2381.645,2389.685,0
2024-05-17 08:00:00,2389.435,2417.735,2387.005,2407.615,0
2024-05-17 12:00:00,2408.315,2418.605,2405.925,2416.358,0
2024-05-17 16:00:00,2415.748,2420.905,2413.695,2414.525,0
2024-05-19 16:00:00,2419.555,2425.135,2416.875,2420.185,0
2024-05-19 20:00:00,2418.075,2439.865,2416.708,2437.518,0
2024-05-20 00:00:00,2436.958,2449.855,2433.265,2442.108,0
2024-05-20 04:00:00,2442.635,2446.745,2427.725,2430.495,0
2024-05-20 08:00:00,2429.445,2429.445,2408.848,2424.808,0
2024-05-20 12:00:00,2423.788,2436.955,2422.865,2426.648,0
2024-05-20 16:00:00,2427.575,2430.365,2423.298,2426.105,0
2024-05-20 20:00:00,2425.305,2431.725,2406.955,2413.665,0
2024-05-21 00:00:00,2413.475,2421.645,2409.315,2419.185,0
2024-05-21 04:00:00,2419.085,2423.345,2413.275,2423.325,0
2024-05-21 08:00:00,2422.785,2432.925,2420.695,2423.275,0
2024-05-21 12:00:00,2423.085,2424.735,2418.168,2423.228,0
2024-05-21 16:00:00,2422.908,2423.118,2420.365,2421.494,0
2024-05-21 20:00:00,2421.674,2425.684,2412.654,2413.904,0
2024-05-22 00:00:00,2412.904,2418.054,2411.734,2417.024,0
2024-05-22 04:00:00,2416.434,2418.635,2406.175,2408.665,0
2024-05-22 08:00:00,2410.895,2414.558,2382.965,2391.918,0
2024-05-22 12:00:00,2392.388,2394.525,2375.145,2379.108,0
2024-05-22 16:00:00,2379.645,2382.605,2377.505,2382.105,0
2024-05-22 20:00:00,2381.575,2383.505,2366.915,2372.365,0
2024-05-23 00:00:00,2372.455,2373.435,2355.328,2355.955,0
2024-05-23 04:00:00,2356.755,2368.905,2355.225,2367.945,0
2024-05-23 08:00:00,2367.395,2369.115,2340.335,2346.018,0
2024-05-23 12:00:00,2346.818,2349.775,2330.985,2331.418,0
2024-05-23 16:00:00,2331.455,2333.185,2327.095,2331.908,0
2024-05-23 20:00:00,2331.825,2334.765,2325.555,2330.495,0
2024-05-24 00:00:00,2330.365,2340.205,2330.365,2337.618,0
2024-05-24 04:00:00,2337.088,2343.728,2336.135,2338.108,0
2024-05-24 08:00:00,2338.635,2346.845,2332.465,2334.475,0
2024-05-24 12:00:00,2333.548,2336.638,2331.818,2333.658,0
2024-05-24 16:00:00,2334.228,2334.808,2333.405,2333.405,0
2024-05-26 16:00:00,2335.775,2340.428,2332.785,2337.105,0
2024-05-26 20:00:00,2335.905,2347.255,2334.448,2345.905,0
2024-05-27 00:00:00,2345.225,2345.225,2338.298,2338.458,0
2024-05-27 04:00:00,2338.675,2345.745,2338.148,2344.975,0
2024-05-27 08:00:00,2344.575,2358.025,2343.765,2352.328,0
2024-05-27 12:00:00,2352.258,2355.345,2350.754,2350.754,0
2024-05-27 16:00:00,2352.405,2353.665,2351.098,2352.365,0
2024-05-27 20:00:00,2352.005,2356.158,2349.305,2350.788,0
2024-05-28 00:00:00,2350.985,2353.115,2341.645,2343.975,0
2024-05-28 04:00:00,2344.105,2348.188,2340.495,2347.348,0
2024-05-28 08:00:00,2346.788,2363.618,2346.065,2360.188,0
2024-05-28 12:00:00,2360.145,2361.715,2352.905,2358.108,0
2024-05-28 16:00:00,2358.085,2361.595,2357.958,2359.685,0
2024-05-28 20:00:00,2360.005,2360.745,2354.438,2358.045,0
2024-05-29 00:00:00,2357.825,2360.885,2350.185,2350.425,0
2024-05-29 04:00:00,2351.625,2351.625,2339.155,2341.585,0
2024-05-29 08:00:00,2341.415,2346.515,2335.285,2339.048,0
2024-05-29 12:00:00,2338.395,2344.048,2336.108,2336.648,0
2024-05-29 16:00:00,2336.688,2338.925,2336.515,2338.285,0
2024-05-29 20:00:00,2337.255,2339.548,2328.675,2334.268,0
2024-05-30 00:00:00,2334.345,2337.304,2323.065,2334.255,0
2024-05-30 04:00:00,2335.025,2340.545,2330.635,2335.748,0
2024-05-30 08:00:00,2335.155,2350.745,2332.325,2343.738,0
2024-05-30 12:00:00,2344.115,2348.565,2339.965,2341.428,0
2024-05-30 16:00:00,2341.788,2346.005,2341.538,2343.864,0
2024-05-30 20:00:00,2343.195,2347.435,2336.965,2343.595,0
2024-05-31 00:00:00,2343.935,2346.905,2339.945,2340.295,0
2024-05-31 04:00:00,2340.315,2344.515,2340.195,2343.725,0
2024-05-31 08:00:00,2343.535,2359.028,2327.825,2329.978,0
2024-05-31 12:00:00,2330.845,2336.455,2320.918,2327.588,0
2024-05-31 16:00:00,2328.115,2330.125,2326.995,2326.995,0
2024-06-02 16:00:00,2328.735,2329.055,2323.245,2325.748,0
2024-06-02 20:00:00,2325.538,2330.905,2321.285,2321.285,0
2024-06-03 00:00:00,2320.835,2328.445,2314.795,2325.845,0
2024-06-03 04:00:00,2325.665,2332.225,2324.375,2329.868,0
2024-06-03 08:00:00,2328.468,2344.915,2325.788,2342.675,0
2024-06-03 12:00:00,2342.755,2354.058,2341.488,2347.588,0
2024-06-03 16:00:00,2347.448,2351.895,2347.225,2350.488,0
2024-06-03 20:00:00,2350.985,2352.378,2343.415,2345.578,0
2024-06-04 00:00:00,2345.315,2351.065,2339.245,2339.585,0
2024-06-04 04:00:00,2339.035,2339.035,2325.4,2327.865,0
2024-06-04 08:00:00,2327.975,2337.748,2315.718,2325.968,0
2024-06-04 12:00:00,2326.805,2329.798,2322.505,2327.128,0
2024-06-04 16:00:00,2327.005,2328.748,2325.958,2328.668,0
2024-06-04 20:00:00,2328.348,2337.654,2325.905,2337.048,0
2024-06-05 00:00:00,2336.805,2341.455,2327.945,2331.485,0
2024-06-05 04:00:00,2331.485,2335.024,2329.948,2332.435,0
2024-06-05 08:00:00,2333.105,2357.108,2332.345,2353.575,0
2024-06-05 12:00:00,2353.075,2356.205,2351.555,2353.928,0
2024-06-05 16:00:00,2354.048,2357.335,2352.928,2354.935,0
2024-06-05 20:00:00,2355.495,2374.288,2354.565,2368.328,0
2024-06-06 00:00:00,2368.128,2371.105,2362.215,2362.785,0
2024-06-06 04:00:00,2362.555,2363.698,2358.878,2359.705,0
2024-06-06 08:00:00,2359.485,2378.065,2353.655,2374.128,0
2024-06-06 12:00:00,2375.145,2376.435,2369.038,2372.428,0
2024-06-06 16:00:00,2372.668,2377.905,2372.268,2376.718,0
2024-06-06 20:00:00,2376.328,2381.315,2369.448,2380.085,0
2024-06-07 00:00:00,2379.745,2387.395,2372.778,2373.445,0
2024-06-07 04:00:00,2373.595,2373.595,2331.705,2336.485,0
2024-06-07 08:00:00,2335.505,2338.145,2304.918,2304.918,0
2024-06-07 12:00:00,2305.395,2313.685,2288.195,2288.195,0
2024-06-07 16:00:00,2288.105,2294.115,2286.868,2293.415,0
2024-06-09 16:00:00,2294.515,2299.775,2290.315,2298.328,0
2024-06-09 20:00:00,2298.275,2299.825,2293.935,2295.178,0
2024-06-10 00:00:00,2294.335,2297.095,2287.695,2296.405,0
2024-06-10 04:00:00,2295.915,2304.975,2291.855,2304.975,0
2024-06-10 08:00:00,2305.505,2308.438,2300.575,2307.228,0
2024-06-10 12:00:00,2306.938,2313.455,2306.938,2308.638,0
2024-06-10 16:00:00,2308.828,2312.075,2308.495,2309.798,0
2024-06-10 20:00:00,2309.978,2311.655,2298.905,2303.528,0
2024-06-11 00:00:00,2303.614,2305.055,2297.825,2304.425,0
2024-06-11 04:00:00,2304.285,2308.555,2302.185,2307.545,0
2024-06-11 08:00:00,2308.085,2319.715,2308.085,2310.018,0
2024-06-11 12:00:00,2310.385,2315.348,2305.905,2315.218,0
2024-06-11 16:00:00,2314.778,2317.435,2314.095,2315.008,0
2024-06-11 20:00:00,2315.225,2316.045,2310.815,2313.915,0
2024-06-12 00:00:00,2313.595,2317.308,2311.165,2314.445,0
2024-06-12 04:00:00,2314.635,2315.475,2310.775,2312.828,0
2024-06-12 08:00:00,2312.535,2340.595,2311.925,2335.475,0
2024-06-12 12:00:00,2335.425,2339.308,2315.985,2321.215,0
2024-06-12 16:00:00,2320.695,2324.848,2320.335,2320.448,0
2024-06-12 20:00:00,2319.665,2322.648,2308.505,2314.138,0
2024-06-13 00:00:00,2314.565,2318.295,2309.298,2316.905,0
2024-06-13 04:00:00,2317.105,2319.718,2304.055,2306.948,0
2024-06-13 08:00:00,2307.345,2324.405,2298.505,2298.858,0
2024-06-13 12:00:00,2296.888,2304.705,2295.815,2303.328,0
2024-06-13 16:00:00,2303.405,2304.228,2301.798,2302.208,0
2024-06-13 20:00:00,2303.308,2308.478,2301.518,2305.358,0
2024-06-14 00:00:00,2305.105,2316.368,2303.565,2315.215,0
2024-06-14 04:00:00,2315.255,2336.385,2315.095,2331.885,0
2024-06-14 08:00:00,2331.795,2335.024,2324.305,2325.985,0
2024-06-14 12:00:00,2325.875,2335.268,2325.875,2332.348,0
2024-06-14 16:00:00,2332.648,2332.818,2331.038,2332.184,0
2024-06-16 16:00:00,2332.148,2332.148,2327.368,2328.748,0
2024-06-16 20:00:00,2326.624,2328.148,2321.585,2324.268,0
2024-06-17 00:00:00,2324.328,2326.055,2315.515,2316.848,0
2024-06-17 04:00:00,2316.505,2322.285,2316.418,2318.078,0
2024-06-17 08:00:00,2317.775,2327.365,2310.228,2312.455,0
2024-06-17 12:00:00,2313.625,2320.448,2313.558,2320.075,0
2024-06-17 16:00:00,2319.925,2321.055,2318.358,2320.545,0
2024-06-17 20:00:00,2321.985,2325.485,2319.285,2324.348,0
2024-06-18 00:00:00,2323.595,2324.625,2314.945,2315.398,0
2024-06-18 04:00:00,2314.615,2314.828,2306.835,2313.275,0
2024-06-18 08:00:00,2313.495,2328.985,2311.565,2326.758,0
2024-06-18 12:00:00,2327.945,2332.955,2326.638,2329.158,0
2024-06-18 16:00:00,2329.435,2330.338,2327.415,2328.195,0
2024-06-18 20:00:00,2329.495,2331.455,2326.748,2328.145,0
2024-06-19 00:00:00,2328.005,2331.865,2326.948,2331.725,0
2024-06-19 04:00:00,2333.115,2334.585,2325.955,2330.325,0
2024-06-19 08:00:00,2330.695,2332.685,2324.185,2329.678,0
2024-06-19 12:00:00,2330.065,2331.098,2327.695,2327.695,0
2024-06-19 16:00:00,2330.215,2330.315,2328.735,2329.265,0
2024-06-19 20:00:00,2329.165,2338.508,2327.815,2333.805,0
2024-06-20 00:00:00,2334.215,2344.875,2334.078,2338.498,0
2024-06-20 04:00:00,2338.245,2340.845,2331.975,2339.205,0
2024-06-20 08:00:00,2339.065,2364.898,2336.748,2353.595,0
2024-06-20 12:00:00,2354.908,2360.718,2352.705,2358.828,0
2024-06-20 16:00:00,2358.515,2360.905,2358.158,2360.715,0
2024-06-20 20:00:00,2360.865,2364.198,2357.048,2362.018,0
2024-06-21 00:00:00,2361.588,2365.335,2355.005,2362.835,0
2024-06-21 04:00:00,2363.235,2368.058,2361.375,2366.158,0
2024-06-21 08:00:00,2366.208,2367.635,2323.475,2327.828,0
2024-06-21 12:00:00,2327.438,2328.865,2317.235,2322.068,0
2024-06-21 16:00:00,2322.135,2322.528,2320.725,2321.755,0
2024-06-23 16:00:00,2318.385,2322.075,2317.655,2319.085,0
2024-06-23 20:00:00,2319.945,2326.398,2317.818,2325.335,0
2024-06-24 00:00:00,2325.455,2331.455,2321.715,2330.678,0
2024-06-24 04:00:00,2331.355,2332.518,2323.165,2326.098,0
2024-06-24 08:00:00,2325.175,2333.315,2323.395,2327.528,0
2024-06-24 12:00:00,2326.998,2334.548,2326.998,2331.578,0
2024-06-24 16:00:00,2332.115,2334.225,2330.205,2330.755,0
2024-06-24 20:00:00,2330.455,2330.455,2323.148,2323.985,0
2024-06-25 00:00:00,2323.885,2329.675,2322.815,2324.745,0
2024-06-25 04:00:00,2324.415,2336.838,2322.965,2329.975,0
2024-06-25 08:00:00,2329.715,2329.985,2316.748,2324.585,0
2024-06-25 12:00:00,2324.765,2324.768,2315.565,2319.698,0
2024-06-25 16:00:00,2319.498,2321.075,2318.008,2319.898,0
2024-06-25 20:00:00,2319.618,2321.508,2311.095,2317.125,0
2024-06-26 00:00:00,2316.795,2317.865,2309.695,2315.985,0
2024-06-26 04:00:00,2315.105,2318.025,2304.428,2312.918,0
2024-06-26 08:00:00,2313.245,2317.535,2294.265,2299.938,0
2024-06-26 12:00:00,2300.245,2302.635,2297.175,2298.575,0
2024-06-26 16:00:00,2298.948,2298.948,2297.215,2298.258,0
2024-06-26 20:00:00,2298.258,2299.928,2296.778,2298.858,0
2024-06-27 00:00:00,2298.788,2302.865,2297.008,2302.215,0
2024-06-27 04:00:00,2302.745,2317.635,2302.675,2316.928,0
2024-06-27 08:00:00,2317.455,2330.355,2316.795,2327.365,0
2024-06-27 12:00:00,2327.018,2327.978,2322.995,2325.968,0
2024-06-27 16:00:00,2325.478,2328.285,2325.478,2327.588,0
2024-06-27 20:00:00,2327.598,2327.938,2319.125,2321.638,0
2024-06-28 00:00:00,2320.918,2328.455,2319.775,2327.078,0
2024-06-28 04:00:00,2326.815,2336.825,2326.425,2333.798,0
2024-06-28 08:00:00,2334.548,2338.675,2323.335,2328.475,0
2024-06-28 12:00:00,2329.475,2332.335,2323.105,2324.938,0
2024-06-28 16:00:00,2324.418,2326.495,2323.305,2326.275,0
2024-06-30 16:00:00,2326.075,2326.075,2322.905,2324.825,0
2024-06-30 20:00:00,2323.465,2328.178,2322.305,2324.608,0
2024-07-01 00:00:00,2324.308,2328.405,2319.165,2323.638,0
2024-07-01 04:00:00,2323.495,2338.065,2322.025,2338.065,0
2024-07-01 08:00:00,2337.608,2337.655,2319.455,2327.698,0
2024-07-01 12:00:00,2328.055,2331.388,2326.765,2330.908,0
2024-07-01 16:00:00,2331.668,2332.575,2331.355,2332.138,0
2024-07-01 20:00:00,2333.185,2334.035,2325.888,2325.888,0
2024-07-02 00:00:00,2325.485,2331.598,2323.625,2330.688,0
2024-07-02 04:00:00,2330.575,2332.035,2320.168,2320.585,0
2024-07-02 08:00:00,2321.085,2336.368,2319.865,2324.618,0
2024-07-02 12:00:00,2324.138,2331.105,2320.915,2330.778,0
2024-07-02 16:00:00,2330.558,2331.288,2328.898,2330.138,0
2024-07-02 20:00:00,2331.085,2332.258,2326.878,2331.598,0
2024-07-03 00:00:00,2331.868,2346.524,2331.868,2345.275,0
2024-07-03 04:00:00,2345.205,2349.035,2342.285,2345.308,0
2024-07-03 08:00:00,2345.408,2364.438,2345.088,2362.945,0
2024-07-03 12:00:00,2362.745,2362.745,2353.755,2354.218,0
2024-07-03 16:00:00,2354.275,2359.425,2354.265,2358.675,0
2024-07-03 20:00:00,2357.865,2362.118,2356.468,2357.965,0
2024-07-04 00:00:00,2357.875,2359.415,2351.745,2357.445,0
2024-07-04 04:00:00,2356.835,2359.505,2355.555,2358.368,0
2024-07-04 08:00:00,2358.615,2361.345,2356.915,2357.318,0
2024-07-04 12:00:00,2357.928,2358.835,2356.065,2356.555,0
2024-07-04 16:00:00,2356.655,2357.345,2354.608,2356.655,0
2024-07-04 20:00:00,2356.078,2362.858,2355.965,2361.655,0
2024-07-05 00:00:00,2361.668,2366.818,2361.428,2365.115,0
2024-07-05 04:00:00,2364.965,2367.555,2362.055,2365.725,0
2024-07-05 08:00:00,2366.515,2388.185,2362.585,2384.595,0
2024-07-05 12:00:00,2384.895,2392.518,2384.318,2388.668,0
2024-07-05 16:00:00,2388.378,2391.338,2388.138,2390.705,0
2024-07-07 16:00:00,2387.055,2389.915,2384.845,2385.938,0
2024-07-07 20:00:00,2384.748,2390.808,2380.928,2382.805,0
2024-07-08 00:00:00,2382.735,2386.428,2376.725,2377.778,0
2024-07-08 04:00:00,2377.385,2378.645,2368.368,2375.238,0
2024-07-08 08:00:00,2375.258,2379.168,2352.995,2355.385,0
2024-07-08 12:00:00,2355.435,2359.665,2351.178,2359.105,0
2024-07-08 16:00:00,2359.058,2361.885,2357.958,2361.655,0
2024-07-08 20:00:00,2362.765,2367.548,2360.618,2367.548,0
2024-07-09 00:00:00,2367.668,2368.638,2358.395,2358.875,0
2024-07-09 04:00:00,2358.525,2365.225,2357.685,2360.498,0
2024-07-09 08:00:00,2360.288,2368.235,2349.855,2361.958,0
2024-07-09 12:00:00,2362.354,2365.338,2356.625,2363.448,0
2024-07-09 16:00:00,2363.785,2365.815,2363.115,2364.918,0
2024-07-09 20:00:00,2365.398,2369.465,2363.208,2368.065,0
2024-07-10 00:00:00,2367.738,2374.815,2366.838,2372.525,0
2024-07-10 04:00:00,2372.158,2378.218,2371.565,2378.218,0
2024-07-10 08:00:00,2378.325,2386.228,2374.375,2378.728,0
2024-07-10 12:00:00,2378.908,2380.915,2369.855,2371.708,0
2024-07-10 16:00:00,2371.455,2372.745,2370.818,2372.694,0
2024-07-10 20:00:00,2372.384,2379.915,2371.525,2378.648,0
2024-07-11 00:00:00,2378.658,2382.985,2378.625,2379.828,0
2024-07-11 04:00:00,2379.955,2384.365,2379.445,2380.705,0
2024-07-11 08:00:00,2380.975,2424.055,2378.228,2417.268,0
2024-07-11 12:00:00,2417.025,2419.055,2411.558,2414.018,0
2024-07-11 16:00:00,2414.268,2415.875,2411.775,2415.875,0
2024-07-11 20:00:00,2413.368,2413.975,2406.688,2408.658,0
2024-07-12 00:00:00,2408.495,2409.775,2400.475,2404.055,0
2024-07-12 04:00:00,2404.155,2408.058,2398.195,2401.645,0
2024-07-12 08:00:00,2401.695,2413.525,2391.525,2411.618,0
2024-07-12 12:00:00,2412.168,2418.025,2411.895,2412.738,0
2024-07-12 16:00:00,2412.128,2412.128,2410.534,2410.534,0
2024-07-14 16:00:00,2412.785,2413.535,2405.885,2408.545,0
2024-07-14 20:00:00,2408.478,2411.758,2405.065,2411.508,0
2024-07-15 00:00:00,2412.175,2413.585,2401.445,2407.825,0
2024-07-15 04:00:00,2407.808,2420.148,2407.135,2418.115,0
2024-07-15 08:00:00,2418.975,2436.915,2411.968,2433.198,0
2024-07-15 12:00:00,2433.145,2437.185,2419.965,2421.008,0
2024-07-15 16:00:00,2421.718,2422.435,2420.735,2422.435,0
2024-07-15 20:00:00,2421.955,2431.215,2420.098,2428.518,0
2024-07-16 00:00:00,2428.415,2438.835,2425.085,2436.845,0
2024-07-16 04:00:00,2437.125,2443.125,2433.615,2439.445,0
2024-07-16 08:00:00,2440.045,2464.798,2429.725,2463.048,0
2024-07-16 12:00:00,2461.948,2468.488,2458.115,2468.488,0
2024-07-16 16:00:00,2467.948,2469.578,2466.485,2468.175,0
2024-07-16 20:00:00,2467.635,2482.095,2464.458,2471.615,0
2024-07-17 00:00:00,2471.055,2474.115,2461.855,2474.115,0
2024-07-17 04:00:00,2474.625,2478.345,2466.675,2469.988,0
2024-07-17 08:00:00,2469.895,2482.845,2459.125,2463.375,0
2024-07-17 12:00:00,2463.965,2464.868,2451.685,2457.928,0
2024-07-17 16:00:00,2457.428,2461.635,2457.258,2461.215,0
2024-07-17 20:00:00,2460.908,2468.435,2457.605,2467.928,0
2024-07-18 00:00:00,2467.768,2474.585,2464.805,2471.825,0
2024-07-18 04:00:00,2472.265,2473.225,2461.665,2464.388,0
2024-07-18 08:00:00,2464.635,2469.195,2457.688,2461.208,0
2024-07-18 12:00:00,2459.478,2461.628,2440.375,2442.865,0
2024-07-18 16:00:00,2442.635,2445.345,2441.148,2441.148,0
2024-07-18 20:00:00,2439.055,2439.055,2420.815,2428.578,0
2024-07-19 00:00:00,2428.368,2429.145,2413.398,2418.065,0
2024-07-19 04:00:00,2416.685,2421.285,2408.585,2409.905,0
2024-07-19 08:00:00,2410.035,2410.035,2394.735,2405.275,0
2024-07-19 12:00:00,2405.188,2405.485,2395.855,2398.548,0
2024-07-19 16:00:00,2398.138,2400.645,2397.808,2400.485,0
2024-07-21 16:00:00,2403.675,2411.768,2402.555,2411.435,0
2024-07-21 20:00:00,2410.105,2411.865,2403.305,2406.628,0
2024-07-22 00:00:00,2406.825,2407.085,2399.045,2402.408,0
2024-07-22 04:00:00,2402.515,2407.745,2397.958,2397.958,0
2024-07-22 08:00:00,2397.535,2399.315,2384.335,2386.168,0
2024-07-22 12:00:00,2386.885,2399.795,2386.765,2398.978,0
2024-07-22 16:00:00,2398.585,2399.178,2394.875,2395.565,0
2024-07-22 20:00:00,2396.125,2403.555,2395.758,2398.185,0
2024-07-23 00:00:00,2398.538,2399.425,2388.215,2397.745,0
2024-07-23 04:00:00,2396.935,2411.435,2396.315,2407.458,0
2024-07-23 08:00:00,2406.995,2408.698,2399.605,2405.338,0
2024-07-23 12:00:00,2404.938,2408.758,2402.765,2407.498,0
2024-07-23 16:00:00,2407.598,2409.748,2405.338,2408.408,0
2024-07-23 20:00:00,2408.825,2417.645,2405.345,2416.375,0
2024-07-24 00:00:00,2416.545,2418.845,2411.915,2414.475,0
2024-07-24 04:00:00,2414.145,2417.345,2410.255,2417.345,0
2024-07-24 08:00:00,2417.615,2431.755,2414.255,2424.668,0
2024-07-24 12:00:00,2424.008,2424.008,2398.348,2398.348,0
2024-07-24 16:00:00,2399.278,2400.955,2393.435,2398.595,0
2024-07-24 20:00:00,2398.235,2399.805,2366.898,2374.598,0
2024-07-25 00:00:00,2374.245,2378.035,2366.265,2373.898,0
2024-07-25 04:00:00,2374.848,2382.115,2368.358,2368.415,0
2024-07-25 08:00:00,2368.145,2375.625,2359.285,2362.998,0
2024-07-25 12:00:00,2362.645,2365.185,2353.215,2362.438,0
2024-07-25 16:00:00,2362.328,2365.275,2359.428,2363.635,0
2024-07-25 20:00:00,2363.995,2378.885,2356.325,2371.605,0
2024-07-26 00:00:00,2371.775,2374.885,2366.138,2371.375,0
2024-07-26 04:00:00,2372.398,2375.355,2369.495,2373.105,0
2024-07-26 08:00:00,2373.025,2389.915,2371.005,2385.048,0
2024-07-26 12:00:00,2384.795,2389.735,2381.225,2386.205,0
2024-07-26 16:00:00,2386.935,2388.308,2385.398,2386.765,0
2024-07-28 16:00:00,2388.335,2401.985,2387.965,2396.875,0
2024-07-28 20:00:00,2397.715,2401.605,2389.705,2394.445,0
2024-07-29 00:00:00,2394.735,2395.935,2389.405,2391.468,0
2024-07-29 04:00:00,2391.698,2395.225,2387.085,2387.645,0
2024-07-29 08:00:00,2387.705,2395.725,2369.925,2376.698,0
2024-07-29 12:00:00,2377.215,2385.065,2374.695,2382.998,0
2024-07-29 16:00:00,2383.365,2384.685,2380.985,2380.988,0
2024-07-29 20:00:00,2381.735,2385.825,2376.755,2385.638,0
2024-07-30 00:00:00,2385.935,2391.145,2385.788,2390.218,0
2024-07-30 04:00:00,2390.135,2392.275,2386.938,2386.938,0
2024-07-30 08:00:00,2386.775,2397.015,2383.505,2385.205,0
2024-07-30 12:00:00,2384.975,2409.928,2384.975,2406.978,0
2024-07-30 16:00:00,2407.915,2411.675,2407.915,2409.675,0
2024-07-30 20:00:00,2409.275,2418.365,2403.914,2416.325,0
2024-07-31 00:00:00,2416.355,2424.215,2414.385,2417.015,0
2024-07-31 04:00:00,2416.925,2422.838,2415.735,2419.445,0
2024-07-31 08:00:00,2419.245,2428.715,2417.355,2423.008,0
2024-07-31 12:00:00,2422.845,2450.105,2421.885,2449.748,0
2024-07-31 16:00:00,2448.825,2450.715,2444.774,2445.638,0
2024-07-31 20:00:00,2445.815,2457.645,2437.508,2442.598,0
2024-08-01 00:00:00,2442.495,2448.545,2440.025,2440.185,0
2024-08-01 04:00:00,2440.085,2442.735,2430.445,2440.658,0
2024-08-01 08:00:00,2441.115,2461.695,2440.645,2445.095,0
2024-08-01 12:00:00,2444.695,2448.535,2434.855,2443.035,0
2024-08-01 16:00:00,2443.378,2447.095,2441.828,2445.705,0
2024-08-01 20:00:00,2444.965,2458.585,2436.245,2454.375,0
2024-08-02 00:00:00,2454.298,2467.435,2454.298,2461.485,0
2024-08-02 04:00:00,2461.015,2464.955,2458.025,2459.095,0
2024-08-02 08:00:00,2459.285,2476.435,2413.415,2433.075,0
2024-08-02 12:00:00,2434.855,2437.865,2423.455,2437.448,0
2024-08-02 16:00:00,2436.468,2443.055,2435.638,2443.055,0
2024-08-04 16:00:00,2444.098,2446.255,2438.215,2440.865,0
2024-08-04 20:00:00,2439.695,2452.305,2419.548,2450.835,0
2024-08-05 00:00:00,2451.645,2457.405,2422.435,2431.794,0
2024-08-05 04:00:00,2430.958,2433.705,2383.445,2386.675,0
2024-08-05 08:00:00,2385.535,2411.345,2366.325,2402.678,0
2024-08-05 12:00:00,2403.338,2412.084,2399.425,2407.598,0
2024-08-05 16:00:00,2407.638,2412.355,2404.365,2404.675,0
2024-08-05 20:00:00,2406.355,2417.895,2406.195,2408.895,0
2024-08-06 00:00:00,2408.695,2412.085,2394.915,2409.688,0
2024-08-06 04:00:00,2408.525,2415.245,2408.285,2410.805,0
2024-08-06 08:00:00,2411.135,2412.015,2382.255,2387.455,0
2024-08-06 12:00:00,2387.315,2395.835,2385.625,2387.578,0
2024-08-06 16:00:00,2388.225,2390.145,2383.095,2383.748,0
2024-08-06 20:00:00,2384.095,2388.205,2379.565,2385.785,0
2024-08-07 00:00:00,2385.875,2396.795,2385.758,2389.195,0
2024-08-07 04:00:00,2388.835,2401.825,2388.515,2400.958,0
2024-08-07 08:00:00,2403.135,2406.745,2392.535,2394.448,0
2024-08-07 12:00:00,2394.568,2399.535,2383.835,2385.608,0
2024-08-07 16:00:00,2386.298,2386.988,2380.995,2384.685,0
2024-08-07 20:00:00,2383.955,2394.335,2383.568,2394.175,0
2024-08-08 00:00:00,2394.555,2400.535,2392.675,2396.715,0
2024-08-08 04:00:00,2397.365,2412.915,2393.025,2412.135,0
2024-08-08 08:00:00,2411.855,2423.675,2403.305,2418.578,0
2024-08-08 12:00:00,2418.965,2425.885,2415.835,2423.448,0
2024-08-08 16:00:00,2423.308,2427.698,2422.795,2424.445,0
2024-08-08 20:00:00,2424.515,2428.235,2419.198,2420.908,0
2024-08-09 00:00:00,2420.898,2426.345,2417.028,2423.028,0
2024-08-09 04:00:00,2424.085,2432.055,2422.265,2426.565,0
2024-08-09 08:00:00,2426.875,2435.518,2421.368,2431.358,0
2024-08-09 12:00:00,2432.314,2436.705,2427.198,2429.005,0
2024-08-09 16:00:00,2429.795,2430.958,2429.228,2430.925,0
2024-08-11 16:00:00,2429.695,2432.895,2427.235,2427.765,0
2024-08-11 20:00:00,2427.485,2430.015,2423.775,2428.445,0
2024-08-12 00:00:00,2428.115,2442.555,2428.115,2441.515,0
2024-08-12 04:00:00,2441.918,2444.425,2439.565,2441.495,0
2024-08-12 08:00:00,2441.395,2460.115,2441.395,2459.705,0
2024-08-12 12:00:00,2459.285,2471.835,2459.104,2470.418,0
2024-08-12 16:00:00,2470.918,2475.815,2469.885,2475.425,0
2024-08-12 20:00:00,2476.565,2476.695,2461.368,2463.318,0
2024-08-13 00:00:00,2463.738,2465.705,2458.535,2464.085,0
2024-08-13 04:00:00,2463.515,2466.198,2458.868,2465.648,0
2024-08-13 08:00:00,2465.518,2474.995,2460.005,2468.498,0
2024-08-13 12:00:00,2469.065,2470.845,2462.498,2466.965,0
2024-08-13 16:00:00,2466.775,2467.405,2462.975,2463.975,0
2024-08-13 20:00:00,2464.715,2472.118,2456.175,2460.765,0
2024-08-14 00:00:00,2460.385,2471.635,2459.255,2470.828,0
2024-08-14 04:00:00,2470.635,2477.615,2468.825,2474.638,0
2024-08-14 08:00:00,2474.795,2475.848,2442.285,2443.935,0
2024-08-14 12:00:00,2443.715,2448.115,2439.145,2447.115,0
2024-08-14 16:00:00,2446.875,2449.295,2446.505,2449.295,0
2024-08-14 20:00:00,2450.055,2454.115,2448.298,2453.565,0
2024-08-15 00:00:00,2453.885,2458.465,2450.495,2455.665,0
2024-08-15 04:00:00,2455.895,2463.825,2453.835,2463.418,0
2024-08-15 08:00:00,2463.558,2469.475,2432.625,2458.255,0
2024-08-15 12:00:00,2458.288,2461.408,2453.488,2455.414,0
2024-08-15 16:00:00,2455.385,2457.725,2454.465,2457.195,0
2024-08-15 20:00:00,2457.315,2459.685,2450.795,2452.308,0
2024-08-16 00:00:00,2452.555,2463.315,2451.455,2461.885,0
2024-08-16 04:00:00,2462.045,2472.015,2459.224,2472.015,0
2024-08-16 08:00:00,2472.598,2499.188,2471.378,2491.635,0
2024-08-16 12:00:00,2491.955,2508.498,2491.955,2507.824,0
2024-08-16 16:00:00,2507.898,2509.588,2505.795,2506.844,0
2024-08-18 16:00:00,2508.795,2508.795,2502.695,2506.305,0
2024-08-18 20:00:00,2505.695,2506.605,2495.385,2503.155,0
2024-08-19 00:00:00,2503.065,2504.905,2499.165,2502.925,0
2024-08-19 04:00:00,2503.215,2506.335,2486.725,2494.365,0
2024-08-19 08:00:00,2494.275,2505.495,2486.768,2503.848,0
2024-08-19 12:00:00,2503.965,2507.055,2500.965,2505.345,0
2024-08-19 16:00:00,2505.478,2505.478,2502.065,2503.515,0
2024-08-19 20:00:00,2504.485,2507.035,2498.735,2501.665,0
2024-08-20 00:00:00,2502.145,2514.825,2497.555,2514.825,0
2024-08-20 04:00:00,2515.625,2526.558,2514.788,2526.178,0
2024-08-20 08:00:00,2525.635,2530.575,2506.894,2508.398,0
2024-08-20 12:00:00,2507.718,2515.194,2502.135,2514.878,0
2024-08-20 16:00:00,2515.175,2516.775,2512.795,2512.795,0
2024-08-20 20:00:00,2512.745,2519.735,2511.015,2517.275,0
2024-08-21 00:00:00,2517.345,2518.975,2508.235,2509.635,0
2024-08-21 04:00:00,2509.065,2512.675,2504.748,2511.698,0
2024-08-21 08:00:00,2510.925,2513.335,2495.388,2508.194,0
2024-08-21 12:00:00,2508.078,2518.825,2503.115,2511.418,0
2024-08-21 16:00:00,2511.765,2514.235,2509.998,2512.585,0
2024-08-21 20:00:00,2512.995,2514.415,2499.815,2502.268,0
2024-08-22 00:00:00,2501.948,2510.335,2499.535,2506.948,0
2024-08-22 04:00:00,2507.005,2508.685,2498.715,2499.395,0
2024-08-22 08:00:00,2501.094,2503.475,2471.165,2481.768,0
2024-08-22 12:00:00,2481.465,2485.645,2478.545,2482.795,0
2024-08-22 16:00:00,2483.065,2487.475,2482.608,2487.475,0
2024-08-22 20:00:00,2487.018,2493.235,2486.455,2493.075,0
2024-08-23 00:00:00,2493.825,2495.455,2490.665,2493.335,0
2024-08-23 04:00:00,2493.265,2502.085,2493.215,2501.495,0
2024-08-23 08:00:00,2501.688,2517.275,2495.025,2509.678,0
2024-08-23 12:00:00,2508.598,2512.888,2503.115,2510.698,0
2024-08-23 16:00:00,2509.848,2512.305,2509.625,2512.235,0
2024-08-25 16:00:00,2511.855,2516.295,2511.145,2515.785,0
2024-08-25 20:00:00,2515.065,2516.398,2509.345,2509.745,0
2024-08-26 00:00:00,2509.925,2521.305,2508.865,2521.305,0
2024-08-26 04:00:00,2520.785,2526.425,2520.785,2526.425,0
2024-08-26 08:00:00,2525.208,2526.485,2511.078,2515.748,0
2024-08-26 12:00:00,2515.768,2523.135,2513.865,2518.048,0
2024-08-26 16:00:00,2518.318,2518.878,2515.335,2515.335,0
2024-08-26 20:00:00,2515.585,2516.605,2505.865,2508.955,0
2024-08-27 00:00:00,2509.045,2517.105,2504.858,2504.858,0
2024-08-27 04:00:00,2505.345,2513.245,2505.345,2511.355,0
2024-08-27 08:00:00,2511.645,2519.975,2504.645,2512.045,0
2024-08-27 12:00:00,2511.125,2525.588,2510.045,2524.975,0
2024-08-27 16:00:00,2524.648,2528.405,2523.728,2525.178,0
2024-08-27 20:00:00,2525.114,2525.505,2513.305,2515.755,0
2024-08-28 00:00:00,2515.705,2515.705,2504.485,2509.865,0
2024-08-28 04:00:00,2508.125,2511.235,2500.915,2501.338,0
2024-08-28 08:00:00,2499.928,2509.985,2493.895,2506.058,0
2024-08-28 12:00:00,2505.755,2509.185,2497.025,2507.528,0
2024-08-28 16:00:00,2507.355,2508.575,2503.555,2508.094,0
2024-08-28 20:00:00,2508.284,2516.655,2508.284,2516.475,0
2024-08-29 00:00:00,2516.435,2520.795,2513.745,2519.025,0
2024-08-29 04:00:00,2518.035,2523.775,2515.275,2519.785,0
2024-08-29 08:00:00,2519.195,2524.948,2504.135,2522.438,0
2024-08-29 12:00:00,2522.585,2528.468,2518.025,2521.045,0
2024-08-29 16:00:00,2521.855,2522.008,2518.775,2519.435,0
2024-08-29 20:00:00,2518.625,2519.668,2512.598,2513.425,0
2024-08-30 00:00:00,2512.985,2523.345,2512.165,2519.215,0
2024-08-30 04:00:00,2519.658,2526.585,2515.228,2519.378,0
2024-08-30 08:00:00,2519.495,2524.415,2501.365,2502.365,0
2024-08-30 12:00:00,2501.955,2505.195,2494.965,2502.208,0
2024-08-30 16:00:00,2502.645,2503.375,2501.918,2502.925,0
2024-09-01 16:00:00,2502.748,2504.315,2501.845,2502.885,0
2024-09-01 20:00:00,2502.875,2504.805,2490.225,2496.165,0
2024-09-02 00:00:00,2496.695,2500.905,2495.455,2498.105,0
2024-09-02 04:00:00,2498.825,2506.765,2497.045,2499.678,0
2024-09-02 08:00:00,2499.465,2502.995,2497.825,2501.495,0
2024-09-02 12:00:00,2501.285,2501.555,2498.688,2499.228,0
2024-09-02 16:00:00,2499.525,2499.775,2496.395,2497.175,0
2024-09-02 20:00:00,2497.375,2497.468,2490.035,2494.665,0
2024-09-03 00:00:00,2494.665,2501.625,2493.018,2500.725,0
2024-09-03 04:00:00,2500.975,2505.735,2485.015,2489.558,0
2024-09-03 08:00:00,2491.325,2500.765,2474.955,2488.285,0
2024-09-03 12:00:00,2488.525,2494.155,2484.198,2491.978,0
2024-09-03 16:00:00,2491.475,2494.368,2491.475,2493.155,0
2024-09-03 20:00:00,2493.515,2496.535,2491.268,2494.945,0
2024-09-04 00:00:00,2494.915,2496.585,2482.045,2482.045,0
2024-09-04 04:00:00,2481.555,2490.855,2473.095,2489.085,0
2024-09-04 08:00:00,2489.035,2499.605,2482.025,2493.938,0
2024-09-04 12:00:00,2493.055,2497.575,2491.518,2493.275,0
2024-09-04 16:00:00,2492.935,2496.735,2492.905,2495.695,0
2024-09-04 20:00:00,2495.678,2498.874,2494.455,2494.718,0
2024-09-05 00:00:00,2494.215,2507.355,2493.745,2506.325,0
2024-09-05 04:00:00,2506.655,2517.928,2506.165,2515.075,0
2024-09-05 08:00:00,2514.778,2522.765,2504.498,2507.018,0
2024-09-05 12:00:00,2507.725,2516.568,2506.405,2514.778,0
2024-09-05 16:00:00,2515.388,2517.698,2514.868,2517.125,0
2024-09-05 20:00:00,2517.375,2518.155,2513.318,2518.155,0
2024-09-06 00:00:00,2518.485,2521.328,2516.408,2516.408,0
2024-09-06 04:00:00,2516.475,2519.815,2514.755,2516.165,0
2024-09-06 08:00:00,2515.645,2528.548,2501.105,2505.318,0
2024-09-06 12:00:00,2504.595,2504.595,2485.695,2495.868,0
2024-09-06 16:00:00,2495.265,2497.618,2494.708,2497.035,0
2024-09-08 16:00:00,2496.555,2497.825,2495.515,2496.745,0
2024-09-08 20:00:00,2496.765,2500.178,2495.125,2499.128,0
2024-09-09 00:00:00,2499.105,2499.208,2485.625,2494.125,0
2024-09-09 04:00:00,2494.325,2498.548,2490.585,2497.128,0
2024-09-09 08:00:00,2497.435,2504.598,2493.565,2499.005,0
2024-09-09 12:00:00,2499.845,2505.875,2499.435,2505.875,0
2024-09-09 16:00:00,2505.968,2507.455,2505.228,2506.625,0
2024-09-09 20:00:00,2507.195,2507.195,2501.755,2502.395,0
2024-09-10 00:00:00,2502.425,2506.855,2500.875,2502.595,0
2024-09-10 04:00:00,2502.115,2509.345,2500.215,2504.498,0
2024-09-10 08:00:00,2504.495,2517.814,2501.535,2512.618,0
2024-09-10 12:00:00,2512.525,2517.155,2510.975,2517.155,0
2024-09-10 16:00:00,2517.245,2518.665,2515.735,2518.555,0
2024-09-10 20:00:00,2518.845,2521.955,2514.935,2519.288,0
2024-09-11 00:00:00,2519.488,2527.615,2518.868,2521.338,0
2024-09-11 04:00:00,2521.555,2526.688,2519.965,2522.105,0
2024-09-11 08:00:00,2521.685,2521.685,2501.728,2514.675,0
2024-09-11 12:00:00,2514.585,2519.385,2509.778,2512.824,0
2024-09-11 16:00:00,2512.348,2513.695,2511.295,2511.778,0
2024-09-11 20:00:00,2511.405,2515.955,2510.958,2515.715,0
2024-09-12 00:00:00,2515.985,2521.735,2514.555,2515.785,0
2024-09-12 04:00:00,2515.155,2520.845,2513.118,2519.425,0
2024-09-12 08:00:00,2519.585,2554.325,2519.075,2553.154,0
2024-09-12 12:00:00,2552.278,2558.684,2545.244,2557.748,0
2024-09-12 16:00:00,2557.708,2559.898,2556.665,2558.344,0
2024-09-12 20:00:00,2557.914,2569.705,2556.798,2567.805,0
2024-09-13 00:00:00,2567.565,2570.245,2563.415,2569.668,0
2024-09-13 04:00:00,2569.505,2572.735,2563.684,2567.165,0
2024-09-13 08:00:00,2566.605,2583.225,2566.235,2582.048,0
2024-09-13 12:00:00,2582.385,2585.718,2578.835,2582.518,0
2024-09-13 16:00:00,2582.635,2582.698,2577.615,2577.615,0
2024-09-15 16:00:00,2578.435,2580.215,2577.604,2579.025,0
2024-09-15 20:00:00,2579.255,2588.845,2578.885,2586.225,0
2024-09-16 00:00:00,2585.765,2589.115,2580.205,2581.985,0
2024-09-16 04:00:00,2582.355,2587.955,2576.528,2582.905,0
2024-09-16 08:00:00,2582.125,2588.725,2576.535,2579.735,0
2024-09-16 12:00:00,2579.885,2583.615,2579.665,2582.438,0
2024-09-16 16:00:00,2582.035,2583.795,2581.845,2583.545,0
2024-09-16 20:00:00,2583.668,2585.965,2576.858,2577.058,0
2024-09-17 00:00:00,2577.625,2586.725,2574.634,2583.714,0
2024-09-17 04:00:00,2583.754,2583.754,2570.055,2579.745,0
2024-09-17 08:00:00,2579.485,2581.675,2561.865,2565.475,0
2024-09-17 12:00:00,2563.978,2571.364,2561.035,2568.568,0
2024-09-17 16:00:00,2568.998,2574.195,2568.178,2573.885,0
2024-09-17 20:00:00,2574.405,2576.285,2570.385,2575.785,0
2024-09-18 00:00:00,2575.478,2575.995,2565.845,2571.505,0
2024-09-18 04:00:00,2570.985,2580.285,2568.224,2577.285,0
2024-09-18 08:00:00,2577.635,2578.565,2568.465,2569.565,0
2024-09-18 12:00:00,2570.365,2599.364,2547.995,2548.834,0
2024-09-18 16:00:00,2551.218,2561.355,2550.365,2559.175,0
2024-09-18 20:00:00,2558.615,2566.458,2551.775,2563.978,0
2024-09-19 00:00:00,2563.755,2584.324,2559.555,2584.324,0
2024-09-19 04:00:00,2584.494,2593.915,2581.395,2589.315,0
2024-09-19 08:00:00,2589.035,2590.905,2569.978,2588.935,0
2024-09-19 12:00:00,2588.815,2592.355,2585.978,2588.265,0
2024-09-19 16:00:00,2588.605,2589.305,2585.938,2587.135,0
2024-09-19 20:00:00,2586.635,2593.325,2585.165,2591.305,0
2024-09-20 00:00:00,2591.894,2608.798,2591.635,2607.015,0
2024-09-20 04:00:00,2606.688,2615.278,2602.928,2613.608,0
2024-09-20 08:00:00,2613.585,2622.745,2603.285,2622.678,0
2024-09-20 12:00:00,2624.464,2625.065,2617.885,2620.958,0
2024-09-20 16:00:00,2621.568,2622.225,2619.028,2621.504,0
2024-09-22 16:00:00,2619.415,2621.965,2618.335,2620.165,0
2024-09-22 20:00:00,2619.945,2630.945,2616.295,2628.358,0
2024-09-23 00:00:00,2628.155,2631.195,2613.975,2615.018,0
2024-09-23 04:00:00,2615.754,2625.375,2614.525,2623.955,0
2024-09-23 08:00:00,2624.185,2634.445,2620.245,2629.168,0
2024-09-23 12:00:00,2629.115,2630.368,2625.678,2626.188,0
2024-09-23 16:00:00,2626.638,2628.405,2625.804,2626.205,0
2024-09-23 20:00:00,2625.485,2635.935,2624.055,2633.965,0
2024-09-24 00:00:00,2634.115,2639.295,2623.035,2628.795,0
2024-09-24 04:00:00,2627.928,2635.295,2623.945,2626.275,0
2024-09-24 08:00:00,2625.785,2647.685,2624.105,2643.025,0
2024-09-24 12:00:00,2642.708,2663.884,2642.708,2662.548,0
2024-09-24 16:00:00,2663.358,2663.538,2656.548,2658.035,0
2024-09-24 20:00:00,2656.915,2669.955,2656.175,2661.385,0
2024-09-25 00:00:00,2661.415,2661.415,2652.115,2656.788,0
2024-09-25 04:00:00,2657.205,2658.105,2652.915,2657.258,0
2024-09-25 08:00:00,2657.125,2667.145,2654.845,2657.574,0
2024-09-25 12:00:00,2657.638,2662.645,2650.365,2659.638,0
2024-09-25 16:00:00,2659.795,2660.028,2656.188,2656.188,0
2024-09-25 20:00:00,2655.868,2662.398,2655.385,2662.398,0
2024-09-26 00:00:00,2662.364,2666.395,2658.385,2664.535,0
2024-09-26 04:00:00,2665.085,2685.385,2665.085,2682.665,0
2024-09-26 08:00:00,2683.965,2683.965,2655.615,2671.214,0
2024-09-26 12:00:00,2671.128,2677.458,2664.118,2673.548,0
2024-09-26 16:00:00,2673.778,2673.778,2670.748,2672.495,0
2024-09-26 20:00:00,2672.315,2673.835,2666.355,2673.555,0
2024-09-27 00:00:00,2673.175,2673.295,2661.325,2664.568,0
2024-09-27 04:00:00,2664.365,2668.658,2658.768,2665.955,0
2024-09-27 08:00:00,2665.415,2673.895,2645.665,2649.635,0
2024-09-27 12:00:00,2649.488,2655.508,2643.385,2651.915,0
2024-09-27 16:00:00,2651.588,2659.675,2651.208,2657.955,0
2024-09-29 16:00:00,2658.045,2664.755,2658.045,2663.418,0
2024-09-29 20:00:00,2663.145,2665.618,2647.875,2653.388,0
2024-09-30 00:00:00,2653.105,2660.025,2650.818,2650.818,0
2024-09-30 04:00:00,2651.755,2656.378,2634.678,2641.475,0
2024-09-30 08:00:00,2641.575,2643.925,2629.305,2633.734,0
2024-09-30 12:00:00,2634.244,2641.295,2625.085,2630.835,0
2024-09-30 16:00:00,2631.708,2636.035,2631.128,2635.595,0
2024-09-30 20:00:00,2635.495,2639.675,2633.975,2637.845,0
2024-10-01 00:00:00,2637.905,2646.405,2637.735,2645.485,0
2024-10-01 04:00:00,2646.255,2651.615,2642.555,2650.178,0
2024-10-01 08:00:00,2650.375,2670.678,2648.155,2663.315,0
2024-10-01 12:00:00,2663.565,2671.438,2658.035,2658.588,0
2024-10-01 16:00:00,2658.505,2663.558,2657.858,2660.218,0
2024-10-01 20:00:00,2659.828,2661.715,2655.238,2655.238,0
2024-10-02 00:00:00,2655.675,2656.035,2644.515,2655.315,0
2024-10-02 04:00:00,2655.218,2655.218,2648.255,2649.448,0
2024-10-02 08:00:00,2649.285,2661.474,2641.475,2649.835,0
2024-10-02 12:00:00,2649.845,2658.518,2647.205,2658.498,0
2024-10-02 16:00:00,2658.604,2660.984,2658.318,2660.135,0
2024-10-02 20:00:00,2660.265,2662.108,2653.355,2655.878,0
2024-10-03 00:00:00,2655.508,2657.075,2644.205,2645.145,0
2024-10-03 04:00:00,2645.008,2648.495,2641.215,2647.935,0
2024-10-03 08:00:00,2648.625,2653.605,2640.955,2648.735,0
2024-10-03 12:00:00,2648.625,2661.964,2648.625,2657.815,0
2024-10-03 16:00:00,2657.368,2657.685,2654.314,2655.615,0
2024-10-03 20:00:00,2655.548,2663.395,2655.445,2660.985,0
2024-10-04 00:00:00,2661.085,2667.615,2658.985,2660.888,0
2024-10-04 04:00:00,2661.305,2662.245,2656.895,2661.205,0
2024-10-04 08:00:00,2659.678,2668.865,2632.825,2653.045,0
2024-10-04 12:00:00,2653.375,2653.375,2641.838,2651.458,0
2024-10-04 16:00:00,2651.638,2653.545,2649.998,2653.545,0
2024-10-06 16:00:00,2650.965,2652.248,2649.628,2650.055,0
2024-10-06 20:00:00,2650.265,2651.645,2644.095,2647.255,0
2024-10-07 00:00:00,2647.785,2651.925,2639.825,2651.925,0
2024-10-07 04:00:00,2652.325,2659.095,2650.645,2656.835,0
2024-10-07 08:00:00,2656.665,2659.015,2638.075,2645.608,0
2024-10-07 12:00:00,2646.075,2648.405,2639.825,2643.148,0
2024-10-07 16:00:00,2643.038,2647.485,2641.748,2642.855,0
2024-10-07 20:00:00,2642.805,2647.995,2634.005,2642.805,0
2024-10-08 00:00:00,2643.345,2646.305,2631.745,2633.815,0
2024-10-08 04:00:00,2633.855,2651.405,2629.545,2650.615,0
2024-10-08 08:00:00,2651.685,2652.365,2604.635,2612.825,0
2024-10-08 12:00:00,2613.225,2623.448,2605.765,2622.815,0
2024-10-08 16:00:00,2622.915,2623.465,2618.945,2621.865,0
2024-10-08 20:00:00,2622.115,2623.955,2615.185,2617.085,0
2024-10-09 00:00:00,2616.675,2623.615,2609.044,2611.515,0
2024-10-09 04:00:00,2611.975,2621.965,2610.464,2618.885,0
2024-10-09 08:00:00,2619.965,2621.855,2605.948,2614.705,0
2024-10-09 12:00:00,2614.695,2615.268,2605.095,2609.038,0
2024-10-09 16:00:00,2609.255,2609.255,2606.908,2608.645,0
2024-10-09 20:00:00,2606.965,2616.685,2605.825,2611.615,0
2024-10-10 00:00:00,2612.095,2616.805,2610.355,2616.605,0
2024-10-10 04:00:00,2615.765,2618.745,2611.575,2612.915,0
2024-10-10 08:00:00,2613.775,2628.964,2612.048,2623.475,0
2024-10-10 12:00:00,2624.108,2631.014,2616.855,2629.048,0
2024-10-10 16:00:00,2629.398,2634.035,2628.025,2633.005,0
2024-10-10 20:00:00,2633.835,2645.658,2632.005,2645.364,0
2024-10-11 00:00:00,2644.764,2646.635,2638.115,2645.245,0
2024-10-11 04:00:00,2645.345,2645.835,2636.235,2644.585,0
2024-10-11 08:00:00,2645.035,2658.924,2640.995,2658.655,0
2024-10-11 12:00:00,2658.538,2660.948,2655.338,2656.028,0
2024-10-11 16:00:00,2656.218,2657.135,2654.675,2656.835,0
2024-10-13 16:00:00,2652.155,2652.155,2646.145,2647.865,0
2024-10-13 20:00:00,2647.335,2657.205,2643.415,2655.445,0
2024-10-14 00:00:00,2655.805,2666.005,2655.195,2660.298,0
2024-10-14 04:00:00,2661.065,2662.385,2651.365,2651.995,0
2024-10-14 08:00:00,2651.495,2660.695,2644.135,2646.625,0
2024-10-14 12:00:00,2646.475,2652.375,2645.925,2652.348,0
2024-10-14 16:00:00,2652.448,2653.155,2646.615,2649.255,0
2024-10-14 20:00:00,2649.175,2652.308,2645.035,2645.555,0
2024-10-15 00:00:00,2644.925,2653.125,2638.275,2650.615,0
2024-10-15 04:00:00,2650.165,2656.255,2646.128,2647.595,0
2024-10-15 08:00:00,2648.265,2664.515,2646.775,2664.515,0
2024-10-15 12:00:00,2664.705,2668.674,2659.145,2661.598,0
2024-10-15 16:00:00,2661.725,2662.778,2660.285,2660.345,0
2024-10-15 20:00:00,2659.405,2669.095,2658.625,2667.025,0
2024-10-16 00:00:00,2667.495,2677.255,2665.685,2676.005,0
2024-10-16 04:00:00,2675.265,2682.205,2673.0,2678.245,0
2024-10-16 08:00:00,2678.775,2684.495,2668.495,2669.878,0
2024-10-16 12:00:00,2669.585,2676.188,2667.035,2674.698,0
2024-10-16 16:00:00,2674.778,2674.778,2673.145,2673.998,0
2024-10-16 20:00:00,2674.375,2684.475,2674.315,2676.614,0
2024-10-17 00:00:00,2676.705,2685.335,2676.445,2681.865,0
2024-10-17 04:00:00,2681.965,2688.555,2677.028,2681.198,0
2024-10-17 08:00:00,2681.595,2696.525,2673.318,2693.158,0
2024-10-17 12:00:00,2692.758,2693.675,2684.934,2691.975,0
2024-10-17 16:00:00,2691.804,2694.005,2691.018,2693.635,0
2024-10-17 20:00:00,2693.275,2711.555,2692.865,2709.885,0
2024-10-18 00:00:00,2710.035,2713.578,2702.188,2702.188,0
2024-10-18 04:00:00,2703.035,2712.995,2701.915,2709.705,0
2024-10-18 08:00:00,2710.185,2719.595,2704.825,2714.708,0
2024-10-18 12:00:00,2715.445,2720.785,2713.984,2719.548,0
2024-10-18 16:00:00,2719.168,2722.185,2719.168,2721.105,0
2024-10-20 16:00:00,2720.415,2724.735,2720.415,2723.315,0
2024-10-20 20:00:00,2722.835,2732.595,2721.408,2731.425,0
2024-10-21 00:00:00,2731.445,2732.195,2723.585,2730.258,0
2024-10-21 04:00:00,2730.265,2737.685,2727.775,2734.368,0
2024-10-21 08:00:00,2734.855,2740.135,2717.018,2720.018,0
2024-10-21 12:00:00,2720.565,2725.375,2714.475,2719.764,0
2024-10-21 16:00:00,2719.808,2722.375,2718.878,2721.325,0
2024-10-21 20:00:00,2720.665,2732.828,2720.665,2730.868,0
2024-10-22 00:00:00,2731.225,2736.845,2729.475,2733.545,0
2024-10-22 04:00:00,2733.145,2739.005,2729.605,2731.885,0
2024-10-22 08:00:00,2732.285,2743.935,2731.825,2737.455,0
2024-10-22 12:00:00,2737.448,2748.495,2737.275,2748.245,0
2024-10-22 16:00:00,2748.348,2748.685,2745.765,2746.408,0
2024-10-22 20:00:00,2746.065,2746.875,2737.985,2745.955,0
2024-10-23 00:00:00,2746.155,2755.285,2745.735,2754.855,0
2024-10-23 04:00:00,2755.325,2757.895,2749.155,2749.785,0
2024-10-23 08:00:00,2749.625,2749.625,2709.585,2721.625,0
2024-10-23 12:00:00,2720.835,2723.025,2712.0,2716.095,0
2024-10-23 16:00:00,2716.505,2721.595,2714.338,2721.178,0
2024-10-23 20:00:00,2719.628,2726.495,2717.815,2722.805,0
2024-10-24 00:00:00,2723.055,2736.778,2723.055,2733.475,0
2024-10-24 04:00:00,2732.515,2739.235,2732.515,2738.475,0
2024-10-24 08:00:00,2738.105,2742.815,2722.715,2730.965,0
2024-10-24 12:00:00,2730.418,2737.448,2726.195,2736.898,0
2024-10-24 16:00:00,2736.298,2736.398,2733.554,2733.688,0
2024-10-24 20:00:00,2733.645,2734.615,2724.505,2725.885,0
2024-10-25 00:00:00,2725.445,2732.255,2724.085,2726.325,0
2024-10-25 04:00:00,2726.385,2729.105,2717.015,2724.068,0
2024-10-25 08:00:00,2723.225,2741.825,2723.225,2737.038,0
2024-10-25 12:00:00,2737.195,2744.488,2733.875,2742.428,0
2024-10-25 16:00:00,2743.058,2747.355,2742.798,2746.625,0
2024-10-27 16:00:00,2732.055,2739.985,2730.355,2732.315,0
2024-10-27 20:00:00,2731.545,2735.175,2724.785,2732.795,0
2024-10-28 00:00:00,2732.715,2744.335,2731.325,2731.845,0
2024-10-28 04:00:00,2731.595,2734.615,2727.855,2734.175,0
2024-10-28 08:00:00,2733.238,2745.528,2733.135,2742.575,0
2024-10-28 12:00:00,2742.428,2744.718,2740.248,2742.055,0
2024-10-28 16:00:00,2741.435,2746.705,2739.785,2745.648,0
2024-10-28 20:00:00,2746.165,2757.205,2746.075,2754.635,0
2024-10-29 00:00:00,2755.165,2756.468,2746.578,2754.575,0
2024-10-29 04:00:00,2754.505,2756.255,2746.785,2748.998,0
2024-10-29 08:00:00,2748.975,2771.135,2748.975,2769.275,0
2024-10-29 12:00:00,2770.304,2774.555,2766.515,2774.425,0
2024-10-29 16:00:00,2773.375,2778.945,2772.785,2778.005,0
2024-10-29 20:00:00,2778.945,2781.745,2776.174,2780.015,0
2024-10-30 00:00:00,2779.915,2788.925,2778.125,2781.815,0
2024-10-30 04:00:00,2781.185,2786.305,2774.935,2782.415,0
2024-10-30 08:00:00,2783.835,2787.195,2771.325,2785.318,0
2024-10-30 12:00:00,2786.165,2789.578,2783.934,2787.205,0
2024-10-30 16:00:00,2787.215,2788.045,2784.645,2787.485,0
2024-10-30 20:00:00,2788.075,2789.755,2781.974,2784.315,0
2024-10-31 00:00:00,2784.125,2786.085,2777.035,2778.995,0
2024-10-31 04:00:00,2777.955,2782.285,2772.115,2773.565,0
2024-10-31 08:00:00,2771.0,2771.925,2731.845,2740.615,0
2024-10-31 12:00:00,2740.405,2749.335,2738.155,2743.765,0
2024-10-31 16:00:00,2744.048,2747.665,2743.995,2744.888,0
2024-10-31 20:00:00,2745.575,2752.595,2745.524,2752.095,0
2024-11-01 00:00:00,2752.294,2757.135,2747.195,2753.335,0
2024-11-01 04:00:00,2753.675,2759.125,2745.048,2753.688,0
2024-11-01 08:00:00,2756.355,2761.145,2739.718,2743.005,0
2024-11-01 12:00:00,2742.735,2743.125,2733.235,2735.895,0
2024-11-03 16:00:00,2736.495,2740.235,2731.945,2740.235,0
2024-11-03 20:00:00,2740.595,2742.055,2736.055,2740.905,0
2024-11-04 00:00:00,2740.935,2744.535,2732.205,2733.225,0
2024-11-04 04:00:00,2732.535,2744.905,2732.535,2743.265,0
2024-11-04 08:00:00,2742.715,2747.554,2732.485,2734.085,0
2024-11-04 12:00:00,2734.745,2739.385,2732.515,2737.288,0
2024-11-04 16:00:00,2737.358,2737.655,2734.145,2734.955,0
2024-11-04 20:00:00,2734.605,2736.035,2724.835,2734.315,0
2024-11-05 00:00:00,2734.725,2742.955,2731.685,2742.415,0
2024-11-05 04:00:00,2742.745,2744.815,2735.605,2737.774,0
2024-11-05 08:00:00,2737.948,2749.498,2732.945,2738.865,0
2024-11-05 12:00:00,2738.675,2743.465,2738.325,2742.885,0
2024-11-05 16:00:00,2742.685,2746.045,2736.335,2737.845,0
2024-11-05 20:00:00,2735.345,2749.445,2731.385,2741.615,0
2024-11-06 00:00:00,2742.955,2743.338,2702.564,2724.325,0
2024-11-06 04:00:00,2722.345,2727.804,2694.115,2695.065,0
2024-11-06 08:00:00,2689.905,2689.985,2652.505,2666.045,0
2024-11-06 12:00:00,2664.685,2669.125,2659.368,2660.615,0
2024-11-06 16:00:00,2661.175,2664.135,2658.855,2661.405,0
2024-11-06 20:00:00,2661.345,2663.685,2646.268,2654.455,0
2024-11-07 00:00:00,2656.145,2666.965,2652.885,2657.475,0
2024-11-07 04:00:00,2658.275,2673.515,2658.275,2673.515,0
2024-11-07 08:00:00,2674.025,2699.894,2673.465,2695.635,0
2024-11-07 12:00:00,2695.475,2709.665,2687.725,2704.284,0
2024-11-07 16:00:00,2703.924,2709.875,2703.915,2706.185,0
2024-11-07 20:00:00,2705.548,2705.715,2693.408,2693.424,0
2024-11-08 00:00:00,2693.965,2695.985,2680.545,2688.585,0
2024-11-08 04:00:00,2688.255,2694.795,2682.105,2691.795,0
2024-11-08 08:00:00,2691.095,2703.525,2683.155,2683.155,0
2024-11-08 12:00:00,2685.535,2688.508,2683.228,2684.955,0
2024-11-08 16:00:00,2684.945,2685.165,2683.095,2684.035,0
2024-11-10 16:00:00,2684.498,2685.465,2681.505,2683.915,0
2024-11-10 20:00:00,2684.055,2684.055,2666.565,2671.985,0
2024-11-11 00:00:00,2671.545,2673.825,2667.455,2669.525,0
2024-11-11 04:00:00,2670.055,2674.595,2657.125,2657.125,0
2024-11-11 08:00:00,2653.625,2657.035,2613.025,2615.045,0
2024-11-11 12:00:00,2616.005,2625.805,2610.685,2621.955,0
2024-11-11 16:00:00,2622.715,2624.225,2619.265,2623.828,0
2024-11-11 20:00:00,2624.535,2626.725,2615.585,2617.625,0
2024-11-12 00:00:00,2617.905,2617.905,2596.038,2600.495,0
2024-11-12 04:00:00,2599.675,2606.435,2590.405,2605.125,0
2024-11-12 08:00:00,2605.825,2616.075,2597.405,2600.675,0
2024-11-12 12:00:00,2600.225,2601.384,2592.485,2599.588,0
2024-11-12 16:00:00,2600.544,2600.544,2597.235,2599.335,0
2024-11-12 20:00:00,2601.085,2612.995,2601.085,2606.065,0
2024-11-13 00:00:00,2607.278,2610.345,2601.645,2607.505,0
2024-11-13 04:00:00,2608.545,2612.285,2605.905,2609.505,0
2024-11-13 08:00:00,2609.155,2617.808,2585.255,2585.755,0
2024-11-13 12:00:00,2585.795,2586.285,2573.125,2573.665,0
2024-11-13 16:00:00,2573.965,2580.885,2569.184,2572.258,0
2024-11-13 20:00:00,2570.485,2570.485,2558.875,2565.025,0
2024-11-14 00:00:00,2564.815,2564.815,2550.805,2556.045,0
2024-11-14 04:00:00,2558.055,2558.055,2536.724,2552.085,0
2024-11-14 08:00:00,2551.125,2577.145,2551.125,2573.885,0
2024-11-14 12:00:00,2574.675,2576.435,2564.445,2567.115,0
2024-11-14 16:00:00,2567.924,2569.355,2564.145,2566.735,0
2024-11-14 20:00:00,2566.745,2571.165,2563.545,2566.925,0
2024-11-15 00:00:00,2566.425,2568.755,2554.955,2566.745,0
2024-11-15 04:00:00,2566.955,2573.004,2563.475,2568.955,0
2024-11-15 08:00:00,2569.465,2575.595,2561.445,2562.035,0
2024-11-15 12:00:00,2561.705,2567.685,2559.648,2562.095,0
2024-11-15 16:00:00,2562.145,2562.835,2561.025,2562.715,0
2024-11-17 16:00:00,2567.675,2576.905,2566.518,2576.535,0
2024-11-17 20:00:00,2579.725,2596.335,2577.735,2592.115,0
2024-11-18 00:00:00,2591.255,2591.435,2580.808,2585.515,0
2024-11-18 04:00:00,2585.595,2596.985,2584.025,2594.985,0
2024-11-18 08:00:00,2595.865,2614.234,2593.025,2611.435,0
2024-11-18 12:00:00,2611.055,2612.435,2607.535,2610.198,0
2024-11-18 16:00:00,2610.205,2613.405,2609.785,2613.185,0
2024-11-18 20:00:00,2614.955,2625.388,2612.195,2622.805,0
2024-11-19 00:00:00,2622.198,2626.515,2617.985,2626.255,0
2024-11-19 04:00:00,2626.105,2639.105,2625.385,2639.105,0
2024-11-19 08:00:00,2639.295,2639.295,2621.555,2626.308,0
2024-11-19 12:00:00,2625.775,2634.255,2625.775,2633.598,0
2024-11-19 16:00:00,2633.248,2638.875,2630.525,2637.715,0
2024-11-19 20:00:00,2638.905,2641.415,2635.788,2636.515,0
2024-11-20 00:00:00,2636.375,2637.885,2619.625,2624.095,0
2024-11-20 04:00:00,2623.335,2632.095,2621.085,2631.685,0
2024-11-20 08:00:00,2631.585,2650.645,2631.585,2650.505,0
2024-11-20 12:00:00,2650.905,2655.105,2646.025,2648.855,0
2024-11-20 16:00:00,2648.645,2658.505,2648.225,2658.385,0
2024-11-20 20:00:00,2659.635,2659.635,2650.664,2656.908,0
2024-11-21 00:00:00,2656.595,2669.905,2654.694,2668.705,0
2024-11-21 04:00:00,2669.675,2673.195,2663.035,2663.165,0
2024-11-21 08:00:00,2660.815,2671.255,2660.815,2664.545,0
2024-11-21 12:00:00,2664.155,2672.915,2662.145,2671.375,0
2024-11-21 16:00:00,2671.285,2673.045,2668.018,2673.025,0
2024-11-21 20:00:00,2677.035,2691.505,2675.215,2688.625,0
2024-11-22 00:00:00,2687.185,2700.005,2683.135,2697.225,0
2024-11-22 04:00:00,2695.955,2709.805,2693.884,2702.835,0
2024-11-22 08:00:00,2703.135,2706.195,2684.855,2705.025,0
2024-11-22 12:00:00,2705.655,2711.245,2704.005,2705.695,0
2024-11-22 16:00:00,2706.845,2715.925,2706.085,2715.805,0
2024-11-24 16:00:00,2707.195,2720.744,2706.735,2710.475,0
2024-11-24 20:00:00,2707.015,2707.705,2665.278,2672.305,0
2024-11-25 00:00:00,2671.315,2673.065,2658.164,2671.895,0
2024-11-25 04:00:00,2672.435,2688.435,2669.085,2680.815,0
2024-11-25 08:00:00,2676.745,2687.165,2626.685,2631.925,0
2024-11-25 12:00:00,2630.675,2633.385,2615.575,2625.995,0
2024-11-25 16:00:00,2626.275,2627.955,2606.725,2619.695,0
2024-11-25 20:00:00,2620.985,2631.405,2620.985,2626.275,0
2024-11-26 00:00:00,2625.875,2626.075,2611.065,2613.225,0
2024-11-26 04:00:00,2614.505,2634.155,2613.405,2630.895,0
2024-11-26 08:00:00,2632.145,2641.515,2616.574,2628.525,0
2024-11-26 12:00:00,2627.385,2632.558,2619.724,2631.525,0
2024-11-26 16:00:00,2631.665,2633.735,2627.458,2627.625,0
2024-11-26 20:00:00,2628.785,2640.355,2627.725,2638.895,0
2024-11-27 00:00:00,2638.625,2653.315,2638.305,2653.315,0
2024-11-27 04:00:00,2652.968,2654.745,2644.255,2651.125,0
2024-11-27 08:00:00,2652.285,2657.708,2637.585,2638.804,0
2024-11-27 12:00:00,2638.748,2642.255,2633.898,2636.895,0
2024-11-27 16:00:00,2636.505,2638.095,2634.835,2635.525,0
2024-11-27 20:00:00,2634.835,2634.835,2621.645,2631.104,0
2024-11-28 00:00:00,2630.094,2646.055,2630.094,2643.935,0
2024-11-28 04:00:00,2644.615,2649.125,2643.045,2645.935,0
2024-11-28 08:00:00,2645.515,2647.495,2636.375,2641.935,0
2024-11-28 12:00:00,2641.315,2641.935,2637.215,2637.215,0
2024-11-28 16:00:00,2638.348,2639.105,2635.855,2635.965,0
2024-11-28 20:00:00,2634.375,2662.948,2634.375,2659.785,0
2024-11-29 00:00:00,2659.835,2665.835,2654.795,2657.155,0
2024-11-29 04:00:00,2657.155,2664.955,2656.295,2659.805,0
2024-11-29 08:00:00,2658.975,2662.925,2650.915,2662.105,0
2024-11-29 12:00:00,2661.335,2661.335,2649.005,2649.945,0
2024-12-01 16:00:00,2650.295,2650.295,2631.755,2637.325,0
2024-12-01 20:00:00,2634.485,2637.935,2624.264,2628.445,0
2024-12-02 00:00:00,2627.855,2633.365,2622.0,2629.395,0
2024-12-02 04:00:00,2629.165,2645.905,2629.088,2640.905,0
2024-12-02 08:00:00,2639.245,2651.095,2637.745,2641.225,0
2024-12-02 12:00:00,2640.595,2644.105,2633.975,2636.985,0
2024-12-02 16:00:00,2637.305,2644.075,2636.475,2640.975,0
2024-12-02 20:00:00,2641.584,2644.735,2634.438,2639.695,0
2024-12-03 00:00:00,2638.935,2649.455,2637.485,2645.015,0
2024-12-03 04:00:00,2646.175,2647.765,2638.295,2639.725,0
2024-12-03 08:00:00,2637.925,2654.925,2636.335,2648.245,0
2024-12-03 12:00:00,2647.945,2648.885,2640.195,2642.015,0
2024-12-03 16:00:00,2642.685,2643.785,2639.765,2640.395,0
2024-12-03 20:00:00,2638.445,2648.295,2638.445,2648.295,0
2024-12-04 00:00:00,2648.205,2650.835,2637.225,2641.178,0
2024-12-04 04:00:00,2641.885,2647.085,2636.785,2636.945,0
2024-12-04 08:00:00,2637.255,2656.248,2632.725,2649.555,0
2024-12-04 12:00:00,2648.955,2654.948,2646.845,2649.935,0
2024-12-04 16:00:00,2649.835,2651.288,2647.655,2648.235,0
2024-12-04 20:00:00,2647.665,2650.245,2645.255,2646.154,0
2024-12-05 00:00:00,2645.694,2655.205,2642.545,2643.035,0
2024-12-05 04:00:00,2642.835,2653.165,2642.055,2653.165,0
2024-12-05 08:00:00,2654.128,2654.128,2632.265,2635.065,0
2024-12-05 12:00:00,2635.105,2635.105,2623.645,2631.175,0
2024-12-05 16:00:00,2631.375,2633.665,2628.325,2628.325,0
2024-12-05 20:00:00,2630.015,2643.335,2613.585,2642.095,0
2024-12-06 00:00:00,2641.915,2644.465,2635.715,2644.034,0
2024-12-06 04:00:00,2644.375,2645.175,2632.445,2638.415,0
2024-12-06 08:00:00,2637.825,2642.085,2624.594,2640.295,0
2024-12-06 12:00:00,2638.535,2639.898,2631.758,2631.758,0
2024-12-06 16:00:00,2632.175,2633.448,2631.165,2632.664,0
2024-12-08 16:00:00,2647.748,2647.748,2627.925,2630.865,0
2024-12-08 20:00:00,2632.848,2650.025,2632.848,2635.845,0
2024-12-09 00:00:00,2636.345,2650.685,2636.025,2649.265,0
2024-12-09 04:00:00,2649.125,2660.165,2648.678,2656.095,0
2024-12-09 08:00:00,2654.965,2675.884,2654.965,2667.515,0
2024-12-09 12:00:00,2668.095,2668.485,2657.115,2657.745,0
2024-12-09 16:00:00,2657.915,2665.345,2657.885,2664.865,0
2024-12-09 20:00:00,2665.235,2673.295,2660.965,2670.165,0
2024-12-10 00:00:00,2669.625,2671.245,2661.154,2663.075,0
2024-12-10 04:00:00,2662.594,2678.328,2662.015,2677.604,0
2024-12-10 08:00:00,2675.198,2692.215,2672.565,2692.215,0
2024-12-10 12:00:00,2693.135,2695.284,2690.774,2691.655,0
2024-12-10 16:00:00,2691.985,2701.415,2691.555,2700.905,0
2024-12-10 20:00:00,2699.705,2704.0,2682.635,2684.435,0
2024-12-11 00:00:00,2683.775,2696.648,2674.515,2690.814,0
2024-12-11 04:00:00,2690.564,2698.974,2687.295,2695.554,0
2024-12-11 08:00:00,2696.975,2716.974,2691.654,2715.134,0
2024-12-11 12:00:00,2715.734,2720.695,2713.715,2717.065,0
2024-12-11 16:00:00,2716.695,2723.685,2716.095,2723.575,0
2024-12-11 20:00:00,2725.115,2725.115,2699.005,2712.485,0
2024-12-12 00:00:00,2712.205,2720.055,2709.834,2717.695,0
2024-12-12 04:00:00,2717.675,2717.675,2705.985,2706.465,0
2024-12-12 08:00:00,2708.235,2709.425,2675.895,2683.394,0
2024-12-12 12:00:00,2684.064,2686.624,2679.595,2679.595,0
2024-12-12 16:00:00,2679.745,2685.305,2678.975,2685.305,0
2024-12-12 20:00:00,2686.875,2691.955,2684.214,2687.275,0
2024-12-13 00:00:00,2686.855,2690.024,2674.865,2674.865,0
2024-12-13 04:00:00,2675.865,2675.865,2663.334,2672.325,0
2024-12-13 08:00:00,2671.815,2672.465,2654.795,2661.894,0
2024-12-13 12:00:00,2661.334,2661.698,2647.0,2647.745,0
2024-12-13 16:00:00,2646.398,2649.655,2646.398,2647.385,0
2024-12-15 16:00:00,2649.805,2652.725,2644.105,2647.055,0
2024-12-15 20:00:00,2647.815,2655.098,2647.815,2652.618,0
2024-12-16 00:00:00,2652.704,2661.045,2650.084,2657.805,0
2024-12-16 04:00:00,2658.198,2664.128,2655.875,2659.845,0
2024-12-16 08:00:00,2660.205,2663.525,2648.935,2652.005,0
2024-12-16 12:00:00,2652.445,2655.424,2651.198,2652.585,0
2024-12-16 16:00:00,2652.325,2655.145,2651.115,2655.145,0
2024-12-16 20:00:00,2655.255,2658.225,2651.305,2651.565,0
2024-12-17 00:00:00,2650.695,2656.445,2642.545,2644.085,0
2024-12-17 04:00:00,2644.605,2645.575,2636.935,2642.685,0
2024-12-17 08:00:00,2643.665,2646.155,2633.635,2638.714,0
2024-12-17 12:00:00,2638.654,2648.498,2637.864,2643.364,0
2024-12-17 16:00:00,2643.814,2650.035,2643.514,2649.975,0
2024-12-17 20:00:00,2649.265,2651.375,2642.615,2644.925,0
2024-12-18 00:00:00,2644.575,2649.165,2642.135,2647.835,0
2024-12-18 04:00:00,2647.458,2649.195,2643.685,2643.795,0
2024-12-18 08:00:00,2642.705,2647.185,2633.185,2634.665,0
2024-12-18 12:00:00,2635.125,2639.685,2588.265,2592.355,0
2024-12-18 16:00:00,2593.295,2595.305,2583.598,2595.011,0
2024-12-18 20:00:00,2595.875,2617.748,2594.285,2609.075,0
2024-12-19 00:00:00,2609.285,2621.448,2603.248,2618.264,0
2024-12-19 04:00:00,2619.498,2625.825,2604.505,2606.024,0
2024-12-19 08:00:00,2604.995,2605.198,2587.125,2591.695,0
2024-12-19 12:00:00,2590.855,2600.735,2590.855,2596.705,0
2024-12-19 16:00:00,2596.305,2596.655,2590.675,2590.675,0
2024-12-19 20:00:00,2590.835,2603.655,2590.025,2597.804,0
2024-12-20 00:00:00,2597.044,2607.398,2596.375,2605.334,0
2024-12-20 04:00:00,2605.884,2606.725,2600.255,2603.385,0
2024-12-20 08:00:00,2603.348,2630.865,2600.515,2624.968,0
2024-12-20 12:00:00,2624.895,2629.055,2622.225,2622.575,0
2024-12-20 16:00:00,2622.595,2623.805,2619.185,2622.435,0
2024-12-22 16:00:00,2623.248,2624.755,2618.195,2621.405,0
2024-12-22 20:00:00,2623.865,2627.255,2618.795,2625.335,0
2024-12-23 00:00:00,2625.075,2633.055,2624.575,2629.785,0
2024-12-23 04:00:00,2629.935,2630.445,2613.798,2614.884,0
2024-12-23 08:00:00,2615.445,2619.625,2608.085,2615.694,0
2024-12-23 12:00:00,2615.848,2616.148,2609.095,2610.755,0
2024-12-23 16:00:00,2611.135,2617.148,2610.245,2616.475,0
2024-12-23 20:00:00,2617.355,2620.005,2614.515,2619.938,0
2024-12-24 00:00:00,2620.305,2621.065,2616.424,2617.205,0
2024-12-24 04:00:00,2616.605,2618.085,2612.295,2613.635,0
2024-12-24 08:00:00,2613.135,2617.445,2610.115,2615.875,0
2024-12-24 12:00:00,2615.505,2619.125,2614.905,2616.348,0
2024-12-25 16:00:00,2616.255,2622.315,2614.355,2621.455,0
2024-12-25 20:00:00,2621.505,2628.795,2621.505,2627.098,0
2024-12-26 00:00:00,2627.198,2628.648,2623.435,2627.335,0
2024-12-26 04:00:00,2626.765,2629.608,2624.838,2626.515,0
2024-12-26 08:00:00,2628.485,2638.704,2621.748,2631.954,0
2024-12-26 12:00:00,2631.374,2636.095,2627.875,2634.115,0
2024-12-26 16:00:00,2633.925,2634.305,2631.305,2631.305,0
2024-12-26 20:00:00,2631.985,2635.255,2628.895,2633.455,0
2024-12-27 00:00:00,2633.085,2637.808,2626.048,2626.048,0
2024-12-27 04:00:00,2626.415,2631.215,2623.305,2625.998,0
2024-12-27 08:00:00,2625.565,2626.895,2611.805,2617.815,0
2024-12-27 12:00:00,2617.125,2621.145,2612.805,2615.315,0
2024-12-27 16:00:00,2615.555,2621.448,2615.505,2621.348,0
2024-12-29 16:00:00,2619.348,2625.698,2619.348,2622.385,0
2024-12-29 20:00:00,2623.264,2627.748,2621.555,2621.975,0
2024-12-30 00:00:00,2621.548,2624.235,2610.615,2611.775,0
2024-12-30 04:00:00,2611.948,2621.825,2609.295,2621.355,0
2024-12-30 08:00:00,2621.925,2621.925,2595.975,2599.575,0
2024-12-30 12:00:00,2600.535,2609.245,2600.535,2607.585,0
2024-12-30 16:00:00,2607.475,2608.405,2603.755,2607.585,0
2024-12-30 20:00:00,2607.405,2611.255,2603.525,2606.455,0
2024-12-31 00:00:00,2606.848,2617.438,2603.005,2616.415,0
2024-12-31 04:00:00,2616.055,2616.148,2609.358,2610.905,0
2024-12-31 08:00:00,2611.085,2626.815,2605.575,2625.165,0
2024-12-31 12:00:00,2624.675,2627.164,2621.974,2623.064,0
2024-12-31 16:00:00,2622.865,2624.415,2622.865,2624.155,0
